t,x,y,z,vx,vy,vz
0,9000,0,3500,-280,0,-40
0.005,8998.6,0,3499.8,-280,0,-40
0.01,8997.2,0,3499.6,-280,0,-40
0.015,8995.8,0,3499.4,-280,0,-40
0.02,8994.4,0,3499.2,-280,0,-40
0.025,8993,0,3499,-280,0,-40
0.03,8991.6,0,3498.8,-280,0,-40
0.035,8990.2,0,3498.6,-280,0,-40
0.04,8988.8,0,3498.4,-280,0,-40
0.045,8987.4,0,3498.2,-280,0,-40
0.05,8986,0,3498,-280,0,-40
0.055,8984.6,0,3497.8,-280,0,-40
0.06,8983.2,0,3497.6,-280,0,-40
0.065,8981.8,0,3497.4,-280,0,-40
0.07,8980.4,0,3497.2,-280,0,-40
0.075,8979,0,3497,-280,0,-40
0.08,8977.6,0,3496.8,-280,0,-40
0.085,8976.2,0,3496.6,-280,0,-40
0.09,8974.8,0,3496.4,-280,0,-40
0.095,8973.4,0,3496.2,-280,0,-40
0.1,8972,0,3496,-280,0,-40
0.105,8970.6,0,3495.8,-280,0,-40
0.11,8969.2,0,3495.6,-280,0,-40
0.115,8967.8,0,3495.4,-280,0,-40
0.12,8966.4,0,3495.2,-280,0,-40
0.125,8965,0,3495,-280,0,-40
0.13,8963.6,0,3494.8,-280,0,-40
0.135,8962.2,0,3494.6,-280,0,-40
0.14,8960.8,0,3494.4,-280,0,-40
0.145,8959.4,0,3494.2,-280,0,-40
0.15,8958,0,3494,-280,0,-40
0.155,8956.6,0,3493.8,-280,0,-40
0.16,8955.2,0,3493.6,-280,0,-40
0.165,8953.8,0,3493.4,-280,0,-40
0.17,8952.4,0,3493.2,-280,0,-40
0.175,8951,0,3493,-280,0,-40
0.18,8949.6,0,3492.8,-280,0,-40
0.185,8948.2,0,3492.6,-280,0,-40
0.19,8946.8,0,3492.4,-280,0,-40
0.195,8945.4,0,3492.2,-280,0,-40
0.2,8944,0,3492,-280,0,-40
0.205,8942.6,0,3491.8,-280,0,-40
0.21,8941.2,0,3491.6,-280,0,-40
0.215,8939.8,0,3491.4,-280,0,-40
0.22,8938.4,0,3491.2,-280,0,-40
0.225,8937,0,3491,-280,0,-40
0.23,8935.6,0,3490.8,-280,0,-40
0.235,8934.2,0,3490.6,-280,0,-40
0.24,8932.8,0,3490.4,-280,0,-40
0.245,8931.4,0,3490.2,-280,0,-40
0.25,8930,0,3490,-280,0,-40
0.255,8928.6,0,3489.8,-280,0,-40
0.26,8927.2,0,3489.6,-280,0,-40
0.265,8925.8,0,3489.4,-280,0,-40
0.27,8924.4,0,3489.2,-280,0,-40
0.275,8923,0,3489,-280,0,-40
0.28,8921.6,0,3488.8,-280,0,-40
0.285,8920.2,0,3488.6,-280,0,-40
0.29,8918.8,0,3488.4,-280,0,-40
0.295,8917.4,0,3488.2,-280,0,-40
0.3,8916,0,3488,-280,0,-40
0.305,8914.6,0,3487.8,-280,0,-40
0.31,8913.2,0,3487.6,-280,0,-40
0.315,8911.8,0,3487.4,-280,0,-40
0.32,8910.4,0,3487.2,-280,0,-40
0.325,8909,0,3487,-280,0,-40
0.33,8907.6,0,3486.8,-280,0,-40
0.335,8906.2,0,3486.6,-280,0,-40
0.34,8904.8,0,3486.4,-280,0,-40
0.345,8903.4,0,3486.2,-280,0,-40
0.35,8902,0,3486,-280,0,-40
0.355,8900.6,0,3485.8,-280,0,-40
0.36,8899.2,0,3485.6,-280,0,-40
0.365,8897.8,0,3485.4,-280,0,-40
0.37,8896.4,0,3485.2,-280,0,-40
0.375,8895,0,3485,-280,0,-40
0.38,8893.6,0,3484.8,-280,0,-40
0.385,8892.2,0,3484.6,-280,0,-40
0.39,8890.8,0,3484.4,-280,0,-40
0.395,8889.4,0,3484.2,-280,0,-40
0.4,8888,0,3484,-280,0,-40
0.405,8886.6,0,3483.8,-280,0,-40
0.41,8885.2,0,3483.6,-280,0,-40
0.415,8883.8,0,3483.4,-280,0,-40
0.42,8882.4,0,3483.2,-280,0,-40
0.425,8881,0,3483,-280,0,-40
0.43,8879.6,0,3482.8,-280,0,-40
0.435,8878.2,0,3482.6,-280,0,-40
0.44,8876.8,0,3482.4,-280,0,-40
0.445,8875.4,0,3482.2,-280,0,-40
0.45,8874,0,3482,-280,0,-40
0.455,8872.6,0,3481.8,-280,0,-40
0.46,8871.2,0,3481.6,-280,0,-40
0.465,8869.8,0,3481.4,-280,0,-40
0.47,8868.4,0,3481.2,-280,0,-40
0.475,8867,0,3481,-280,0,-40
0.48,8865.6,0,3480.8,-280,0,-40
0.485,8864.2,0,3480.6,-280,0,-40
0.49,8862.8,0,3480.4,-280,0,-40
0.495,8861.4,0,3480.2,-280,0,-40
0.5,8860,0,3480,-280,0,-40
0.505,8858.6,0,3479.8,-280,0,-40
0.51,8857.2,0,3479.6,-280,0,-40
0.515,8855.8,0,3479.4,-280,0,-40
0.52,8854.4,0,3479.2,-280,0,-40
0.525,8853,0,3479,-280,0,-40
0.53,8851.6,0,3478.8,-280,0,-40
0.535,8850.2,0,3478.6,-280,0,-40
0.54,8848.8,0,3478.4,-280,0,-40
0.545,8847.4,0,3478.2,-280,0,-40
0.55,8846,0,3478,-280,0,-40
0.555,8844.6,0,3477.8,-280,0,-40
0.56,8843.2,0,3477.6,-280,0,-40
0.565,8841.8,0,3477.4,-280,0,-40
0.57,8840.4,0,3477.2,-280,0,-40
0.575,8839,0,3477,-280,0,-40
0.58,8837.6,0,3476.8,-280,0,-40
0.585,8836.2,0,3476.6,-280,0,-40
0.59,8834.8,0,3476.4,-280,0,-40
0.595,8833.4,0,3476.2,-280,0,-40
0.6,8832,0,3476,-280,0,-40
0.605,8830.6,0,3475.8,-280,0,-40
0.61,8829.2,0,3475.6,-280,0,-40
0.615,8827.8,0,3475.4,-280,0,-40
0.62,8826.4,0,3475.2,-280,0,-40
0.625,8825,0,3475,-280,0,-40
0.63,8823.6,0,3474.8,-280,0,-40
0.635,8822.2,0,3474.6,-280,0,-40
0.64,8820.8,0,3474.4,-280,0,-40
0.645,8819.4,0,3474.2,-280,0,-40
0.65,8818,0,3474,-280,0,-40
0.655,8816.6,0,3473.8,-280,0,-40
0.66,8815.2,0,3473.6,-280,0,-40
0.665,8813.8,0,3473.4,-280,0,-40
0.67,8812.4,0,3473.2,-280,0,-40
0.675,8811,0,3473,-280,0,-40
0.68,8809.6,0,3472.8,-280,0,-40
0.685,8808.2,0,3472.6,-280,0,-40
0.69,8806.8,0,3472.4,-280,0,-40
0.695,8805.4,0,3472.2,-280,0,-40
0.7,8804,0,3472,-280,0,-40
0.705,8802.6,0,3471.8,-280,0,-40
0.71,8801.2,0,3471.6,-280,0,-40
0.715,8799.8,0,3471.4,-280,0,-40
0.72,8798.4,0,3471.2,-280,0,-40
0.725,8797,0,3471,-280,0,-40
0.73,8795.6,0,3470.8,-280,0,-40
0.735,8794.2,0,3470.6,-280,0,-40
0.74,8792.8,0,3470.4,-280,0,-40
0.745,8791.4,0,3470.2,-280,0,-40
0.75,8790,0,3470,-280,0,-40
0.755,8788.6,0,3469.8,-280,0,-40
0.76,8787.2,0,3469.6,-280,0,-40
0.765,8785.8,0,3469.4,-280,0,-40
0.77,8784.4,0,3469.2,-280,0,-40
0.775,8783,0,3469,-280,0,-40
0.78,8781.6,0,3468.8,-280,0,-40
0.785,8780.2,0,3468.6,-280,0,-40
0.79,8778.8,0,3468.4,-280,0,-40
0.795,8777.4,0,3468.2,-280,0,-40
0.8,8776,0,3468,-280,0,-40
0.805,8774.6,0,3467.8,-280,0,-40
0.81,8773.2,0,3467.6,-280,0,-40
0.815,8771.8,0,3467.4,-280,0,-40
0.82,8770.4,0,3467.2,-280,0,-40
0.825,8769,0,3467,-280,0,-40
0.83,8767.6,0,3466.8,-280,0,-40
0.835,8766.2,0,3466.6,-280,0,-40
0.84,8764.8,0,3466.4,-280,0,-40
0.845,8763.4,0,3466.2,-280,0,-40
0.85,8762,0,3466,-280,0,-40
0.855,8760.6,0,3465.8,-280,0,-40
0.86,8759.2,0,3465.6,-280,0,-40
0.865,8757.8,0,3465.4,-280,0,-40
0.87,8756.4,0,3465.2,-280,0,-40
0.875,8755,0,3465,-280,0,-40
0.88,8753.6,0,3464.8,-280,0,-40
0.885,8752.2,0,3464.6,-280,0,-40
0.89,8750.8,0,3464.4,-280,0,-40
0.895,8749.4,0,3464.2,-280,0,-40
0.9,8748,0,3464,-280,0,-40
0.905,8746.6,0,3463.8,-280,0,-40
0.91,8745.2,0,3463.6,-280,0,-40
0.915,8743.8,0,3463.4,-280,0,-40
0.92,8742.4,0,3463.2,-280,0,-40
0.925,8741,0,3463,-280,0,-40
0.93,8739.6,0,3462.8,-280,0,-40
0.935,8738.2,0,3462.6,-280,0,-40
0.94,8736.8,0,3462.4,-280,0,-40
0.945,8735.4,0,3462.2,-280,0,-40
0.95,8734,0,3462,-280,0,-40
0.955,8732.6,0,3461.8,-280,0,-40
0.96,8731.2,0,3461.6,-280,0,-40
0.965,8729.8,0,3461.4,-280,0,-40
0.97,8728.4,0,3461.2,-280,0,-40
0.975,8727,0,3461,-280,0,-40
0.98,8725.6,0,3460.8,-280,0,-40
0.985,8724.2,0,3460.6,-280,0,-40
0.99,8722.8,0,3460.4,-280,0,-40
0.995,8721.4,0,3460.2,-280,0,-40
1,8720,0,3460,-280,0,-40
1.005,8718.6,0,3459.8,-280,0,-40
1.01,8717.2,0,3459.6,-280,0,-40
1.015,8715.8,0,3459.4,-280,0,-40
1.02,8714.4,0,3459.2,-280,0,-40
1.025,8713,0,3459,-280,0,-40
1.03,8711.6,0,3458.8,-280,0,-40
1.035,8710.2,0,3458.6,-280,0,-40
1.04,8708.8,0,3458.4,-280,0,-40
1.045,8707.4,0,3458.2,-280,0,-40
1.05,8706,0,3458,-280,0,-40
1.055,8704.6,0,3457.8,-280,0,-40
1.06,8703.2,0,3457.6,-280,0,-40
1.065,8701.8,0,3457.4,-280,0,-40
1.07,8700.4,0,3457.2,-280,0,-40
1.075,8699,0,3457,-280,0,-40
1.08,8697.6,0,3456.8,-280,0,-40
1.085,8696.2,0,3456.6,-280,0,-40
1.09,8694.8,0,3456.4,-280,0,-40
1.095,8693.4,0,3456.2,-280,0,-40
1.1,8692,0,3456,-280,0,-40
1.105,8690.6,0,3455.8,-280,0,-40
1.11,8689.2,0,3455.6,-280,0,-40
1.115,8687.8,0,3455.4,-280,0,-40
1.12,8686.4,0,3455.2,-280,0,-40
1.125,8685,0,3455,-280,0,-40
1.13,8683.6,0,3454.8,-280,0,-40
1.135,8682.2,0,3454.6,-280,0,-40
1.14,8680.8,0,3454.4,-280,0,-40
1.145,8679.4,0,3454.2,-280,0,-40
1.15,8678,0,3454,-280,0,-40
1.155,8676.6,0,3453.8,-280,0,-40
1.16,8675.2,0,3453.6,-280,0,-40
1.165,8673.8,0,3453.4,-280,0,-40
1.17,8672.4,0,3453.2,-280,0,-40
1.175,8671,0,3453,-280,0,-40
1.18,8669.6,0,3452.8,-280,0,-40
1.185,8668.2,0,3452.6,-280,0,-40
1.19,8666.8,0,3452.4,-280,0,-40
1.195,8665.4,0,3452.2,-280,0,-40
1.2,8664,0,3452,-280,0,-40
1.205,8662.6,0,3451.8,-280,0,-40
1.21,8661.2,0,3451.6,-280,0,-40
1.215,8659.8,0,3451.4,-280,0,-40
1.22,8658.4,0,3451.2,-280,0,-40
1.225,8657,0,3451,-280,0,-40
1.23,8655.6,0,3450.8,-280,0,-40
1.235,8654.2,0,3450.6,-280,0,-40
1.24,8652.8,0,3450.4,-280,0,-40
1.245,8651.4,0,3450.2,-280,0,-40
1.25,8650,0,3450,-280,0,-40
1.255,8648.6,0,3449.8,-280,0,-40
1.26,8647.2,0,3449.6,-280,0,-40
1.265,8645.8,0,3449.4,-280,0,-40
1.27,8644.4,0,3449.2,-280,0,-40
1.275,8643,0,3449,-280,0,-40
1.28,8641.6,0,3448.8,-280,0,-40
1.285,8640.2,0,3448.6,-280,0,-40
1.29,8638.8,0,3448.4,-280,0,-40
1.295,8637.4,0,3448.2,-280,0,-40
1.3,8636,0,3448,-280,0,-40
1.305,8634.6,0,3447.8,-280,0,-40
1.31,8633.2,0,3447.6,-280,0,-40
1.315,8631.8,0,3447.4,-280,0,-40
1.32,8630.4,0,3447.2,-280,0,-40
1.325,8629,0,3447,-280,0,-40
1.33,8627.6,0,3446.8,-280,0,-40
1.335,8626.2,0,3446.6,-280,0,-40
1.34,8624.8,0,3446.4,-280,0,-40
1.345,8623.4,0,3446.2,-280,0,-40
1.35,8622,0,3446,-280,0,-40
1.355,8620.6,0,3445.8,-280,0,-40
1.36,8619.2,0,3445.6,-280,0,-40
1.365,8617.8,0,3445.4,-280,0,-40
1.37,8616.4,0,3445.2,-280,0,-40
1.375,8615,0,3445,-280,0,-40
1.38,8613.6,0,3444.8,-280,0,-40
1.385,8612.2,0,3444.6,-280,0,-40
1.39,8610.8,0,3444.4,-280,0,-40
1.395,8609.4,0,3444.2,-280,0,-40
1.4,8608,0,3444,-280,0,-40
1.405,8606.6,0,3443.8,-280,0,-40
1.41,8605.2,0,3443.6,-280,0,-40
1.415,8603.8,0,3443.4,-280,0,-40
1.42,8602.4,0,3443.2,-280,0,-40
1.425,8601,0,3443,-280,0,-40
1.43,8599.6,0,3442.8,-280,0,-40
1.435,8598.2,0,3442.6,-280,0,-40
1.44,8596.8,0,3442.4,-280,0,-40
1.445,8595.4,0,3442.2,-280,0,-40
1.45,8594,0,3442,-280,0,-40
1.455,8592.6,0,3441.8,-280,0,-40
1.46,8591.2,0,3441.6,-280,0,-40
1.465,8589.8,0,3441.4,-280,0,-40
1.47,8588.4,0,3441.2,-280,0,-40
1.475,8587,0,3441,-280,0,-40
1.48,8585.6,0,3440.8,-280,0,-40
1.485,8584.2,0,3440.6,-280,0,-40
1.49,8582.8,0,3440.4,-280,0,-40
1.495,8581.4,0,3440.2,-280,0,-40
1.5,8580,0,3440,-280,0,-40
1.505,8578.6,0,3439.8,-280,0,-40
1.51,8577.2,0,3439.6,-280,0,-40
1.515,8575.8,0,3439.4,-280,0,-40
1.52,8574.4,0,3439.2,-280,0,-40
1.525,8573,0,3439,-280,0,-40
1.53,8571.6,0,3438.8,-280,0,-40
1.535,8570.2,0,3438.6,-280,0,-40
1.54,8568.8,0,3438.4,-280,0,-40
1.545,8567.4,0,3438.2,-280,0,-40
1.55,8566,0,3438,-280,0,-40
1.555,8564.6,0,3437.8,-280,0,-40
1.56,8563.2,0,3437.6,-280,0,-40
1.565,8561.8,0,3437.4,-280,0,-40
1.57,8560.4,0,3437.2,-280,0,-40
1.575,8559,0,3437,-280,0,-40
1.58,8557.6,0,3436.8,-280,0,-40
1.585,8556.2,0,3436.6,-280,0,-40
1.59,8554.8,0,3436.4,-280,0,-40
1.595,8553.4,0,3436.2,-280,0,-40
1.6,8552,0,3436,-280,0,-40
1.605,8550.6,0,3435.8,-280,0,-40
1.61,8549.2,0,3435.6,-280,0,-40
1.615,8547.8,0,3435.4,-280,0,-40
1.62,8546.4,0,3435.2,-280,0,-40
1.625,8545,0,3435,-280,0,-40
1.63,8543.6,0,3434.8,-280,0,-40
1.635,8542.2,0,3434.6,-280,0,-40
1.64,8540.8,0,3434.4,-280,0,-40
1.645,8539.4,0,3434.2,-280,0,-40
1.65,8538,0,3434,-280,0,-40
1.655,8536.6,0,3433.8,-280,0,-40
1.66,8535.2,0,3433.6,-280,0,-40
1.665,8533.8,0,3433.4,-280,0,-40
1.67,8532.4,0,3433.2,-280,0,-40
1.675,8531,0,3433,-280,0,-40
1.68,8529.6,0,3432.8,-280,0,-40
1.685,8528.2,0,3432.6,-280,0,-40
1.69,8526.8,0,3432.4,-280,0,-40
1.695,8525.4,0,3432.2,-280,0,-40
1.7,8524,0,3432,-280,0,-40
1.705,8522.6,0,3431.8,-280,0,-40
1.71,8521.2,0,3431.6,-280,0,-40
1.715,8519.8,0,3431.4,-280,0,-40
1.72,8518.4,0,3431.2,-280,0,-40
1.725,8517,0,3431,-280,0,-40
1.73,8515.6,0,3430.8,-280,0,-40
1.735,8514.2,0,3430.6,-280,0,-40
1.74,8512.8,0,3430.4,-280,0,-40
1.745,8511.4,0,3430.2,-280,0,-40
1.75,8510,0,3430,-280,0,-40
1.755,8508.6,0,3429.8,-280,0,-40
1.76,8507.2,0,3429.6,-280,0,-40
1.765,8505.8,0,3429.4,-280,0,-40
1.77,8504.4,0,3429.2,-280,0,-40
1.775,8503,0,3429,-280,0,-40
1.78,8501.6,0,3428.8,-280,0,-40
1.785,8500.2,0,3428.6,-280,0,-40
1.79,8498.8,0,3428.4,-280,0,-40
1.795,8497.4,0,3428.2,-280,0,-40
1.8,8496,0,3428,-280,0,-40
1.805,8494.6,0,3427.8,-280,0,-40
1.81,8493.2,0,3427.6,-280,0,-40
1.815,8491.8,0,3427.4,-280,0,-40
1.82,8490.4,0,3427.2,-280,0,-40
1.825,8489,0,3427,-280,0,-40
1.83,8487.6,0,3426.8,-280,0,-40
1.835,8486.2,0,3426.6,-280,0,-40
1.84,8484.8,0,3426.4,-280,0,-40
1.845,8483.4,0,3426.2,-280,0,-40
1.85,8482,0,3426,-280,0,-40
1.855,8480.6,0,3425.8,-280,0,-40
1.86,8479.2,0,3425.6,-280,0,-40
1.865,8477.8,0,3425.4,-280,0,-40
1.87,8476.4,0,3425.2,-280,0,-40
1.875,8475,0,3425,-280,0,-40
1.88,8473.6,0,3424.8,-280,0,-40
1.885,8472.2,0,3424.6,-280,0,-40
1.89,8470.8,0,3424.4,-280,0,-40
1.895,8469.4,0,3424.2,-280,0,-40
1.9,8468,0,3424,-280,0,-40
1.905,8466.6,0,3423.8,-280,0,-40
1.91,8465.2,0,3423.6,-280,0,-40
1.915,8463.8,0,3423.4,-280,0,-40
1.92,8462.4,0,3423.2,-280,0,-40
1.925,8461,0,3423,-280,0,-40
1.93,8459.6,0,3422.8,-280,0,-40
1.935,8458.2,0,3422.6,-280,0,-40
1.94,8456.8,0,3422.4,-280,0,-40
1.945,8455.4,0,3422.2,-280,0,-40
1.95,8454,0,3422,-280,0,-40
1.955,8452.6,0,3421.8,-280,0,-40
1.96,8451.2,0,3421.6,-280,0,-40
1.965,8449.8,0,3421.4,-280,0,-40
1.97,8448.4,0,3421.2,-280,0,-40
1.975,8447,0,3421,-280,0,-40
1.98,8445.6,0,3420.8,-280,0,-40
1.985,8444.2,0,3420.6,-280,0,-40
1.99,8442.8,0,3420.4,-280,0,-40
1.995,8441.4,0,3420.2,-280,0,-40
2,8440,0,3420,-280,0,-40
2.005,8438.6,0,3419.8,-280,0,-40
2.01,8437.2,0,3419.6,-280,0,-40
2.015,8435.8,0,3419.4,-280,0,-40
2.02,8434.4,0,3419.2,-280,0,-40
2.025,8433,0,3419,-280,0,-40
2.03,8431.6,0,3418.8,-280,0,-40
2.035,8430.2,0,3418.6,-280,0,-40
2.04,8428.8,0,3418.4,-280,0,-40
2.045,8427.4,0,3418.2,-280,0,-40
2.05,8426,0,3418,-280,0,-40
2.055,8424.6,0,3417.8,-280,0,-40
2.06,8423.2,0,3417.6,-280,0,-40
2.065,8421.8,0,3417.4,-280,0,-40
2.07,8420.4,0,3417.2,-280,0,-40
2.075,8419,0,3417,-280,0,-40
2.08,8417.6,0,3416.8,-280,0,-40
2.085,8416.2,0,3416.6,-280,0,-40
2.09,8414.8,0,3416.4,-280,0,-40
2.095,8413.4,0,3416.2,-280,0,-40
2.1,8412,0,3416,-280,0,-40
2.105,8410.6,0,3415.8,-280,0,-40
2.11,8409.2,0,3415.6,-280,0,-40
2.115,8407.8,0,3415.4,-280,0,-40
2.12,8406.4,0,3415.2,-280,0,-40
2.125,8405,0,3415,-280,0,-40
2.13,8403.6,0,3414.8,-280,0,-40
2.135,8402.2,0,3414.6,-280,0,-40
2.14,8400.8,0,3414.4,-280,0,-40
2.145,8399.4,0,3414.2,-280,0,-40
2.15,8398,0,3414,-280,0,-40
2.155,8396.6,0,3413.8,-280,0,-40
2.16,8395.2,0,3413.6,-280,0,-40
2.165,8393.8,0,3413.4,-280,0,-40
2.17,8392.4,0,3413.2,-280,0,-40
2.175,8391,0,3413,-280,0,-40
2.18,8389.6,0,3412.8,-280,0,-40
2.185,8388.2,0,3412.6,-280,0,-40
2.19,8386.8,0,3412.4,-280,0,-40
2.195,8385.4,0,3412.2,-280,0,-40
2.2,8384,0,3412,-280,0,-40
2.205,8382.6,0,3411.8,-280,0,-40
2.21,8381.2,0,3411.6,-280,0,-40
2.215,8379.8,0,3411.4,-280,0,-40
2.22,8378.4,0,3411.2,-280,0,-40
2.225,8377,0,3411,-280,0,-40
2.23,8375.6,0,3410.8,-280,0,-40
2.235,8374.2,0,3410.6,-280,0,-40
2.24,8372.8,0,3410.4,-280,0,-40
2.245,8371.4,0,3410.2,-280,0,-40
2.25,8370,0,3410,-280,0,-40
2.255,8368.6,0,3409.8,-280,0,-40
2.26,8367.2,0,3409.6,-280,0,-40
2.265,8365.8,0,3409.4,-280,0,-40
2.27,8364.4,0,3409.2,-280,0,-40
2.275,8363,0,3409,-280,0,-40
2.28,8361.6,0,3408.8,-280,0,-40
2.285,8360.2,0,3408.6,-280,0,-40
2.29,8358.8,0,3408.4,-280,0,-40
2.295,8357.4,0,3408.2,-280,0,-40
2.3,8356,0,3408,-280,0,-40
2.305,8354.6,0,3407.8,-280,0,-40
2.31,8353.2,0,3407.6,-280,0,-40
2.315,8351.8,0,3407.4,-280,0,-40
2.32,8350.4,0,3407.2,-280,0,-40
2.325,8349,0,3407,-280,0,-40
2.33,8347.6,0,3406.8,-280,0,-40
2.335,8346.2,0,3406.6,-280,0,-40
2.34,8344.8,0,3406.4,-280,0,-40
2.345,8343.4,0,3406.2,-280,0,-40
2.35,8342,0,3406,-280,0,-40
2.355,8340.6,0,3405.8,-280,0,-40
2.36,8339.2,0,3405.6,-280,0,-40
2.365,8337.8,0,3405.4,-280,0,-40
2.37,8336.4,0,3405.2,-280,0,-40
2.375,8335,0,3405,-280,0,-40
2.38,8333.6,0,3404.8,-280,0,-40
2.385,8332.2,0,3404.6,-280,0,-40
2.39,8330.8,0,3404.4,-280,0,-40
2.395,8329.4,0,3404.2,-280,0,-40
2.4,8328,0,3404,-280,0,-40
2.405,8326.6,0,3403.8,-280,0,-40
2.41,8325.2,0,3403.6,-280,0,-40
2.415,8323.8,0,3403.4,-280,0,-40
2.42,8322.4,0,3403.2,-280,0,-40
2.425,8321,0,3403,-280,0,-40
2.43,8319.6,0,3402.8,-280,0,-40
2.435,8318.2,0,3402.6,-280,0,-40
2.44,8316.8,0,3402.4,-280,0,-40
2.445,8315.4,0,3402.2,-280,0,-40
2.45,8314,0,3402,-280,0,-40
2.455,8312.6,0,3401.8,-280,0,-40
2.46,8311.2,0,3401.6,-280,0,-40
2.465,8309.8,0,3401.4,-280,0,-40
2.47,8308.4,0,3401.2,-280,0,-40
2.475,8307,0,3401,-280,0,-40
2.48,8305.6,0,3400.8,-280,0,-40
2.485,8304.2,0,3400.6,-280,0,-40
2.49,8302.8,0,3400.4,-280,0,-40
2.495,8301.4,0,3400.2,-280,0,-40
2.5,8300,0,3400,-280,0,-40
2.505,8298.6,0,3399.8,-280,0,-40
2.51,8297.2,0,3399.6,-280,0,-40
2.515,8295.8,0,3399.4,-280,0,-40
2.52,8294.4,0,3399.2,-280,0,-40
2.525,8293,0,3399,-280,0,-40
2.53,8291.6,0,3398.8,-280,0,-40
2.535,8290.2,0,3398.6,-280,0,-40
2.54,8288.8,0,3398.4,-280,0,-40
2.545,8287.4,0,3398.2,-280,0,-40
2.55,8286,0,3398,-280,0,-40
2.555,8284.6,0,3397.8,-280,0,-40
2.56,8283.2,0,3397.6,-280,0,-40
2.565,8281.8,0,3397.4,-280,0,-40
2.57,8280.4,0,3397.2,-280,0,-40
2.575,8279,0,3397,-280,0,-40
2.58,8277.6,0,3396.8,-280,0,-40
2.585,8276.2,0,3396.6,-280,0,-40
2.59,8274.8,0,3396.4,-280,0,-40
2.595,8273.4,0,3396.2,-280,0,-40
2.6,8272,0,3396,-280,0,-40
2.605,8270.6,0,3395.8,-280,0,-40
2.61,8269.2,0,3395.6,-280,0,-40
2.615,8267.8,0,3395.4,-280,0,-40
2.62,8266.4,0,3395.2,-280,0,-40
2.625,8265,0,3395,-280,0,-40
2.63,8263.6,0,3394.8,-280,0,-40
2.635,8262.2,0,3394.6,-280,0,-40
2.64,8260.8,0,3394.4,-280,0,-40
2.645,8259.4,0,3394.2,-280,0,-40
2.65,8258,0,3394,-280,0,-40
2.655,8256.6,0,3393.8,-280,0,-40
2.66,8255.2,0,3393.6,-280,0,-40
2.665,8253.8,0,3393.4,-280,0,-40
2.67,8252.4,0,3393.2,-280,0,-40
2.675,8251,0,3393,-280,0,-40
2.68,8249.6,0,3392.8,-280,0,-40
2.685,8248.2,0,3392.6,-280,0,-40
2.69,8246.8,0,3392.4,-280,0,-40
2.695,8245.4,0,3392.2,-280,0,-40
2.7,8244,0,3392,-280,0,-40
2.705,8242.6,0,3391.8,-280,0,-40
2.71,8241.2,0,3391.6,-280,0,-40
2.715,8239.8,0,3391.4,-280,0,-40
2.72,8238.4,0,3391.2,-280,0,-40
2.725,8237,0,3391,-280,0,-40
2.73,8235.6,0,3390.8,-280,0,-40
2.735,8234.2,0,3390.6,-280,0,-40
2.74,8232.8,0,3390.4,-280,0,-40
2.745,8231.4,0,3390.2,-280,0,-40
2.75,8230,0,3390,-280,0,-40
2.755,8228.6,0,3389.8,-280,0,-40
2.76,8227.2,0,3389.6,-280,0,-40
2.765,8225.8,0,3389.4,-280,0,-40
2.77,8224.4,0,3389.2,-280,0,-40
2.775,8223,0,3389,-280,0,-40
2.78,8221.6,0,3388.8,-280,0,-40
2.785,8220.2,0,3388.6,-280,0,-40
2.79,8218.8,0,3388.4,-280,0,-40
2.795,8217.4,0,3388.2,-280,0,-40
2.8,8216,0,3388,-280,0,-40
2.805,8214.6,0,3387.8,-280,0,-40
2.81,8213.2,0,3387.6,-280,0,-40
2.815,8211.8,0,3387.4,-280,0,-40
2.82,8210.4,0,3387.2,-280,0,-40
2.825,8209,0,3387,-280,0,-40
2.83,8207.6,0,3386.8,-280,0,-40
2.835,8206.2,0,3386.6,-280,0,-40
2.84,8204.8,0,3386.4,-280,0,-40
2.845,8203.4,0,3386.2,-280,0,-40
2.85,8202,0,3386,-280,0,-40
2.855,8200.6,0,3385.8,-280,0,-40
2.86,8199.2,0,3385.6,-280,0,-40
2.865,8197.8,0,3385.4,-280,0,-40
2.87,8196.4,0,3385.2,-280,0,-40
2.875,8195,0,3385,-280,0,-40
2.88,8193.6,0,3384.8,-280,0,-40
2.885,8192.2,0,3384.6,-280,0,-40
2.89,8190.8,0,3384.4,-280,0,-40
2.895,8189.4,0,3384.2,-280,0,-40
2.9,8188,0,3384,-280,0,-40
2.905,8186.6,0,3383.8,-280,0,-40
2.91,8185.2,0,3383.6,-280,0,-40
2.915,8183.8,0,3383.4,-280,0,-40
2.92,8182.4,0,3383.2,-280,0,-40
2.925,8181,0,3383,-280,0,-40
2.93,8179.6,0,3382.8,-280,0,-40
2.935,8178.2,0,3382.6,-280,0,-40
2.94,8176.8,0,3382.4,-280,0,-40
2.945,8175.4,0,3382.2,-280,0,-40
2.95,8174,0,3382,-280,0,-40
2.955,8172.6,0,3381.8,-280,0,-40
2.96,8171.2,0,3381.6,-280,0,-40
2.965,8169.8,0,3381.4,-280,0,-40
2.97,8168.4,0,3381.2,-280,0,-40
2.975,8167,0,3381,-280,0,-40
2.98,8165.6,0,3380.8,-280,0,-40
2.985,8164.2,0,3380.6,-280,0,-40
2.99,8162.8,0,3380.4,-280,0,-40
2.995,8161.4,0,3380.2,-280,0,-40
3,8160,0,3380,-280,0,-40
3.005,8158.6,0,3379.8,-280,0,-40
3.01,8157.2,0,3379.6,-280,0,-40
3.015,8155.8,0,3379.4,-280,0,-40
3.02,8154.4,0,3379.2,-280,0,-40
3.025,8153,0,3379,-280,0,-40
3.03,8151.6,0,3378.8,-280,0,-40
3.035,8150.2,0,3378.6,-280,0,-40
3.04,8148.8,0,3378.4,-280,0,-40
3.045,8147.4,0,3378.2,-280,0,-40
3.05,8146,0,3378,-280,0,-40
3.055,8144.6,0,3377.8,-280,0,-40
3.06,8143.2,0,3377.6,-280,0,-40
3.065,8141.8,0,3377.4,-280,0,-40
3.07,8140.4,0,3377.2,-280,0,-40
3.075,8139,0,3377,-280,0,-40
3.08,8137.6,0,3376.8,-280,0,-40
3.085,8136.2,0,3376.6,-280,0,-40
3.09,8134.8,0,3376.4,-280,0,-40
3.095,8133.4,0,3376.2,-280,0,-40
3.1,8132,0,3376,-280,0,-40
3.105,8130.6,0,3375.8,-280,0,-40
3.11,8129.2,0,3375.6,-280,0,-40
3.115,8127.8,0,3375.4,-280,0,-40
3.12,8126.4,0,3375.2,-280,0,-40
3.125,8125,0,3375,-280,0,-40
3.13,8123.6,0,3374.8,-280,0,-40
3.135,8122.2,0,3374.6,-280,0,-40
3.14,8120.8,0,3374.4,-280,0,-40
3.145,8119.4,0,3374.2,-280,0,-40
3.15,8118,0,3374,-280,0,-40
3.155,8116.6,0,3373.8,-280,0,-40
3.16,8115.2,0,3373.6,-280,0,-40
3.165,8113.8,0,3373.4,-280,0,-40
3.17,8112.4,0,3373.2,-280,0,-40
3.175,8111,0,3373,-280,0,-40
3.18,8109.6,0,3372.8,-280,0,-40
3.185,8108.2,0,3372.6,-280,0,-40
3.19,8106.8,0,3372.4,-280,0,-40
3.195,8105.4,0,3372.2,-280,0,-40
3.2,8104,0,3372,-280,0,-40
3.205,8102.6,0,3371.8,-280,0,-40
3.21,8101.2,0,3371.6,-280,0,-40
3.215,8099.8,0,3371.4,-280,0,-40
3.22,8098.4,0,3371.2,-280,0,-40
3.225,8097,0,3371,-280,0,-40
3.23,8095.6,0,3370.8,-280,0,-40
3.235,8094.2,0,3370.6,-280,0,-40
3.24,8092.8,0,3370.4,-280,0,-40
3.245,8091.4,0,3370.2,-280,0,-40
3.25,8090,0,3370,-280,0,-40
3.255,8088.6,0,3369.8,-280,0,-40
3.26,8087.2,0,3369.6,-280,0,-40
3.265,8085.8,0,3369.4,-280,0,-40
3.27,8084.4,0,3369.2,-280,0,-40
3.275,8083,0,3369,-280,0,-40
3.28,8081.6,0,3368.8,-280,0,-40
3.285,8080.2,0,3368.6,-280,0,-40
3.29,8078.8,0,3368.4,-280,0,-40
3.295,8077.4,0,3368.2,-280,0,-40
3.3,8076,0,3368,-280,0,-40
3.305,8074.6,0,3367.8,-280,0,-40
3.31,8073.2,0,3367.6,-280,0,-40
3.315,8071.8,0,3367.4,-280,0,-40
3.32,8070.4,0,3367.2,-280,0,-40
3.325,8069,0,3367,-280,0,-40
3.33,8067.6,0,3366.8,-280,0,-40
3.335,8066.2,0,3366.6,-280,0,-40
3.34,8064.8,0,3366.4,-280,0,-40
3.345,8063.4,0,3366.2,-280,0,-40
3.35,8062,0,3366,-280,0,-40
3.355,8060.6,0,3365.8,-280,0,-40
3.36,8059.2,0,3365.6,-280,0,-40
3.365,8057.8,0,3365.4,-280,0,-40
3.37,8056.4,0,3365.2,-280,0,-40
3.375,8055,0,3365,-280,0,-40
3.38,8053.6,0,3364.8,-280,0,-40
3.385,8052.2,0,3364.6,-280,0,-40
3.39,8050.8,0,3364.4,-280,0,-40
3.395,8049.4,0,3364.2,-280,0,-40
3.4,8048,0,3364,-280,0,-40
3.405,8046.6,0,3363.8,-280,0,-40
3.41,8045.2,0,3363.6,-280,0,-40
3.415,8043.8,0,3363.4,-280,0,-40
3.42,8042.4,0,3363.2,-280,0,-40
3.425,8041,0,3363,-280,0,-40
3.43,8039.6,0,3362.8,-280,0,-40
3.435,8038.2,0,3362.6,-280,0,-40
3.44,8036.8,0,3362.4,-280,0,-40
3.445,8035.4,0,3362.2,-280,0,-40
3.45,8034,0,3362,-280,0,-40
3.455,8032.6,0,3361.8,-280,0,-40
3.46,8031.2,0,3361.6,-280,0,-40
3.465,8029.8,0,3361.4,-280,0,-40
3.47,8028.4,0,3361.2,-280,0,-40
3.475,8027,0,3361,-280,0,-40
3.48,8025.6,0,3360.8,-280,0,-40
3.485,8024.2,0,3360.6,-280,0,-40
3.49,8022.8,0,3360.4,-280,0,-40
3.495,8021.4,0,3360.2,-280,0,-40
3.5,8020,0,3360,-280,0,-40
3.505,8018.6,0,3359.8,-280,0,-40
3.51,8017.2,0,3359.6,-280,0,-40
3.515,8015.8,0,3359.4,-280,0,-40
3.52,8014.4,0,3359.2,-280,0,-40
3.525,8013,0,3359,-280,0,-40
3.53,8011.6,0,3358.8,-280,0,-40
3.535,8010.2,0,3358.6,-280,0,-40
3.54,8008.8,0,3358.4,-280,0,-40
3.545,8007.4,0,3358.2,-280,0,-40
3.55,8006,0,3358,-280,0,-40
3.555,8004.6,0,3357.8,-280,0,-40
3.56,8003.2,0,3357.6,-280,0,-40
3.565,8001.8,0,3357.4,-280,0,-40
3.57,8000.4,0,3357.2,-280,0,-40
3.575,7999,0,3357,-280,0,-40
3.58,7997.6,0,3356.8,-280,0,-40
3.585,7996.2,0,3356.6,-280,0,-40
3.59,7994.8,0,3356.4,-280,0,-40
3.595,7993.4,0,3356.2,-280,0,-40
3.6,7992,0,3356,-280,0,-40
3.605,7990.6,0,3355.8,-280,0,-40
3.61,7989.2,0,3355.6,-280,0,-40
3.615,7987.8,0,3355.4,-280,0,-40
3.62,7986.4,0,3355.2,-280,0,-40
3.625,7985,0,3355,-280,0,-40
3.63,7983.6,0,3354.8,-280,0,-40
3.635,7982.2,0,3354.6,-280,0,-40
3.64,7980.8,0,3354.4,-280,0,-40
3.645,7979.4,0,3354.2,-280,0,-40
3.65,7978,0,3354,-280,0,-40
3.655,7976.6,0,3353.8,-280,0,-40
3.66,7975.2,0,3353.6,-280,0,-40
3.665,7973.8,0,3353.4,-280,0,-40
3.67,7972.4,0,3353.2,-280,0,-40
3.675,7971,0,3353,-280,0,-40
3.68,7969.6,0,3352.8,-280,0,-40
3.685,7968.2,0,3352.6,-280,0,-40
3.69,7966.8,0,3352.4,-280,0,-40
3.695,7965.4,0,3352.2,-280,0,-40
3.7,7964,0,3352,-280,0,-40
3.705,7962.6,0,3351.8,-280,0,-40
3.71,7961.2,0,3351.6,-280,0,-40
3.715,7959.8,0,3351.4,-280,0,-40
3.72,7958.4,0,3351.2,-280,0,-40
3.725,7957,0,3351,-280,0,-40
3.73,7955.6,0,3350.8,-280,0,-40
3.735,7954.2,0,3350.6,-280,0,-40
3.74,7952.8,0,3350.4,-280,0,-40
3.745,7951.4,0,3350.2,-280,0,-40
3.75,7950,0,3350,-280,0,-40
3.755,7948.6,0,3349.8,-280,0,-40
3.76,7947.2,0,3349.6,-280,0,-40
3.765,7945.8,0,3349.4,-280,0,-40
3.77,7944.4,0,3349.2,-280,0,-40
3.775,7943,0,3349,-280,0,-40
3.78,7941.6,0,3348.8,-280,0,-40
3.785,7940.2,0,3348.6,-280,0,-40
3.79,7938.8,0,3348.4,-280,0,-40
3.795,7937.4,0,3348.2,-280,0,-40
3.8,7936,0,3348,-280,0,-40
3.805,7934.6,0,3347.8,-280,0,-40
3.81,7933.2,0,3347.6,-280,0,-40
3.815,7931.8,0,3347.4,-280,0,-40
3.82,7930.4,0,3347.2,-280,0,-40
3.825,7929,0,3347,-280,0,-40
3.83,7927.6,0,3346.8,-280,0,-40
3.835,7926.2,0,3346.6,-280,0,-40
3.84,7924.8,0,3346.4,-280,0,-40
3.845,7923.4,0,3346.2,-280,0,-40
3.85,7922,0,3346,-280,0,-40
3.855,7920.6,0,3345.8,-280,0,-40
3.86,7919.2,0,3345.6,-280,0,-40
3.865,7917.8,0,3345.4,-280,0,-40
3.87,7916.4,0,3345.2,-280,0,-40
3.875,7915,0,3345,-280,0,-40
3.88,7913.6,0,3344.8,-280,0,-40
3.885,7912.2,0,3344.6,-280,0,-40
3.89,7910.8,0,3344.4,-280,0,-40
3.895,7909.4,0,3344.2,-280,0,-40
3.9,7908,0,3344,-280,0,-40
3.905,7906.6,0,3343.8,-280,0,-40
3.91,7905.2,0,3343.6,-280,0,-40
3.915,7903.8,0,3343.4,-280,0,-40
3.92,7902.4,0,3343.2,-280,0,-40
3.925,7901,0,3343,-280,0,-40
3.93,7899.6,0,3342.8,-280,0,-40
3.935,7898.2,0,3342.6,-280,0,-40
3.94,7896.8,0,3342.4,-280,0,-40
3.945,7895.4,0,3342.2,-280,0,-40
3.95,7894,0,3342,-280,0,-40
3.955,7892.6,0,3341.8,-280,0,-40
3.96,7891.2,0,3341.6,-280,0,-40
3.965,7889.8,0,3341.4,-280,0,-40
3.97,7888.4,0,3341.2,-280,0,-40
3.975,7887,0,3341,-280,0,-40
3.98,7885.6,0,3340.8,-280,0,-40
3.985,7884.2,0,3340.6,-280,0,-40
3.99,7882.8,0,3340.4,-280,0,-40
3.995,7881.4,0,3340.2,-280,0,-40
4,7880,0,3340,-280,0,-40
4.005,7878.6,0,3339.8,-280,0,-40
4.01,7877.2,0,3339.6,-280,0,-40
4.015,7875.8,0,3339.4,-280,0,-40
4.02,7874.4,0,3339.2,-280,0,-40
4.025,7873,0,3339,-280,0,-40
4.03,7871.6,0,3338.8,-280,0,-40
4.035,7870.2,0,3338.6,-280,0,-40
4.04,7868.8,0,3338.4,-280,0,-40
4.045,7867.4,0,3338.2,-280,0,-40
4.05,7866,0,3338,-280,0,-40
4.055,7864.6,0,3337.8,-280,0,-40
4.06,7863.2,0,3337.6,-280,0,-40
4.065,7861.8,0,3337.4,-280,0,-40
4.07,7860.4,0,3337.2,-280,0,-40
4.075,7859,0,3337,-280,0,-40
4.08,7857.6,0,3336.8,-280,0,-40
4.085,7856.2,0,3336.6,-280,0,-40
4.09,7854.8,0,3336.4,-280,0,-40
4.095,7853.4,0,3336.2,-280,0,-40
4.1,7852,0,3336,-280,0,-40
4.105,7850.6,0,3335.8,-280,0,-40
4.11,7849.2,0,3335.6,-280,0,-40
4.115,7847.8,0,3335.4,-280,0,-40
4.12,7846.4,0,3335.2,-280,0,-40
4.125,7845,0,3335,-280,0,-40
4.13,7843.6,0,3334.8,-280,0,-40
4.135,7842.2,0,3334.6,-280,0,-40
4.14,7840.8,0,3334.4,-280,0,-40
4.145,7839.4,0,3334.2,-280,0,-40
4.15,7838,0,3334,-280,0,-40
4.155,7836.6,0,3333.8,-280,0,-40
4.16,7835.2,0,3333.6,-280,0,-40
4.165,7833.8,0,3333.4,-280,0,-40
4.17,7832.4,0,3333.2,-280,0,-40
4.175,7831,0,3333,-280,0,-40
4.18,7829.6,0,3332.8,-280,0,-40
4.185,7828.2,0,3332.6,-280,0,-40
4.19,7826.8,0,3332.4,-280,0,-40
4.195,7825.4,0,3332.2,-280,0,-40
4.2,7824,0,3332,-280,0,-40
4.205,7822.6,0,3331.8,-280,0,-40
4.21,7821.2,0,3331.6,-280,0,-40
4.215,7819.8,0,3331.4,-280,0,-40
4.22,7818.4,0,3331.2,-280,0,-40
4.225,7817,0,3331,-280,0,-40
4.23,7815.6,0,3330.8,-280,0,-40
4.235,7814.2,0,3330.6,-280,0,-40
4.24,7812.8,0,3330.4,-280,0,-40
4.245,7811.4,0,3330.2,-280,0,-40
4.25,7810,0,3330,-280,0,-40
4.255,7808.6,0,3329.8,-280,0,-40
4.26,7807.2,0,3329.6,-280,0,-40
4.265,7805.8,0,3329.4,-280,0,-40
4.27,7804.4,0,3329.2,-280,0,-40
4.275,7803,0,3329,-280,0,-40
4.28,7801.6,0,3328.8,-280,0,-40
4.285,7800.2,0,3328.6,-280,0,-40
4.29,7798.8,0,3328.4,-280,0,-40
4.295,7797.4,0,3328.2,-280,0,-40
4.3,7796,0,3328,-280,0,-40
4.305,7794.6,0,3327.8,-280,0,-40
4.31,7793.2,0,3327.6,-280,0,-40
4.315,7791.8,0,3327.4,-280,0,-40
4.32,7790.4,0,3327.2,-280,0,-40
4.325,7789,0,3327,-280,0,-40
4.33,7787.6,0,3326.8,-280,0,-40
4.335,7786.2,0,3326.6,-280,0,-40
4.34,7784.8,0,3326.4,-280,0,-40
4.345,7783.4,0,3326.2,-280,0,-40
4.35,7782,0,3326,-280,0,-40
4.355,7780.6,0,3325.8,-280,0,-40
4.36,7779.2,0,3325.6,-280,0,-40
4.365,7777.8,0,3325.4,-280,0,-40
4.37,7776.4,0,3325.2,-280,0,-40
4.375,7775,0,3325,-280,0,-40
4.38,7773.6,0,3324.8,-280,0,-40
4.385,7772.2,0,3324.6,-280,0,-40
4.39,7770.8,0,3324.4,-280,0,-40
4.395,7769.4,0,3324.2,-280,0,-40
4.4,7768,0,3324,-280,0,-40
4.405,7766.6,0,3323.8,-280,0,-40
4.41,7765.2,0,3323.6,-280,0,-40
4.415,7763.8,0,3323.4,-280,0,-40
4.42,7762.4,0,3323.2,-280,0,-40
4.425,7761,0,3323,-280,0,-40
4.43,7759.6,0,3322.8,-280,0,-40
4.435,7758.2,0,3322.6,-280,0,-40
4.44,7756.8,0,3322.4,-280,0,-40
4.445,7755.4,0,3322.2,-280,0,-40
4.45,7754,0,3322,-280,0,-40
4.455,7752.6,0,3321.8,-280,0,-40
4.46,7751.2,0,3321.6,-280,0,-40
4.465,7749.8,0,3321.4,-280,0,-40
4.47,7748.4,0,3321.2,-280,0,-40
4.475,7747,0,3321,-280,0,-40
4.48,7745.6,0,3320.8,-280,0,-40
4.485,7744.2,0,3320.6,-280,0,-40
4.49,7742.8,0,3320.4,-280,0,-40
4.495,7741.4,0,3320.2,-280,0,-40
4.5,7740,0,3320,-280,0,-40
4.505,7738.6,0,3319.8,-280,0,-40
4.51,7737.2,0,3319.6,-280,0,-40
4.515,7735.8,0,3319.4,-280,0,-40
4.52,7734.4,0,3319.2,-280,0,-40
4.525,7733,0,3319,-280,0,-40
4.53,7731.6,0,3318.8,-280,0,-40
4.535,7730.2,0,3318.6,-280,0,-40
4.54,7728.8,0,3318.4,-280,0,-40
4.545,7727.4,0,3318.2,-280,0,-40
4.55,7726,0,3318,-280,0,-40
4.555,7724.6,0,3317.8,-280,0,-40
4.56,7723.2,0,3317.6,-280,0,-40
4.565,7721.8,0,3317.4,-280,0,-40
4.57,7720.4,0,3317.2,-280,0,-40
4.575,7719,0,3317,-280,0,-40
4.58,7717.6,0,3316.8,-280,0,-40
4.585,7716.2,0,3316.6,-280,0,-40
4.59,7714.8,0,3316.4,-280,0,-40
4.595,7713.4,0,3316.2,-280,0,-40
4.6,7712,0,3316,-280,0,-40
4.605,7710.6,0,3315.8,-280,0,-40
4.61,7709.2,0,3315.6,-280,0,-40
4.615,7707.8,0,3315.4,-280,0,-40
4.62,7706.4,0,3315.2,-280,0,-40
4.625,7705,0,3315,-280,0,-40
4.63,7703.6,0,3314.8,-280,0,-40
4.635,7702.2,0,3314.6,-280,0,-40
4.64,7700.8,0,3314.4,-280,0,-40
4.645,7699.4,0,3314.2,-280,0,-40
4.65,7698,0,3314,-280,0,-40
4.655,7696.6,0,3313.8,-280,0,-40
4.66,7695.2,0,3313.6,-280,0,-40
4.665,7693.8,0,3313.4,-280,0,-40
4.67,7692.4,0,3313.2,-280,0,-40
4.675,7691,0,3313,-280,0,-40
4.68,7689.6,0,3312.8,-280,0,-40
4.685,7688.2,0,3312.6,-280,0,-40
4.69,7686.8,0,3312.4,-280,0,-40
4.695,7685.4,0,3312.2,-280,0,-40
4.7,7684,0,3312,-280,0,-40
4.705,7682.6,0,3311.8,-280,0,-40
4.71,7681.2,0,3311.6,-280,0,-40
4.715,7679.8,0,3311.4,-280,0,-40
4.72,7678.4,0,3311.2,-280,0,-40
4.725,7677,0,3311,-280,0,-40
4.73,7675.6,0,3310.8,-280,0,-40
4.735,7674.2,0,3310.6,-280,0,-40
4.74,7672.8,0,3310.4,-280,0,-40
4.745,7671.4,0,3310.2,-280,0,-40
4.75,7670,0,3310,-280,0,-40
4.755,7668.6,0,3309.8,-280,0,-40
4.76,7667.2,0,3309.6,-280,0,-40
4.765,7665.8,0,3309.4,-280,0,-40
4.77,7664.4,0,3309.2,-280,0,-40
4.775,7663,0,3309,-280,0,-40
4.78,7661.6,0,3308.8,-280,0,-40
4.785,7660.2,0,3308.6,-280,0,-40
4.79,7658.8,0,3308.4,-280,0,-40
4.795,7657.4,0,3308.2,-280,0,-40
4.8,7656,0,3308,-280,0,-40
4.805,7654.6,0,3307.8,-280,0,-40
4.81,7653.2,0,3307.6,-280,0,-40
4.815,7651.8,0,3307.4,-280,0,-40
4.82,7650.4,0,3307.2,-280,0,-40
4.825,7649,0,3307,-280,0,-40
4.83,7647.6,0,3306.8,-280,0,-40
4.835,7646.2,0,3306.6,-280,0,-40
4.84,7644.8,0,3306.4,-280,0,-40
4.845,7643.4,0,3306.2,-280,0,-40
4.85,7642,0,3306,-280,0,-40
4.855,7640.6,0,3305.8,-280,0,-40
4.86,7639.2,0,3305.6,-280,0,-40
4.865,7637.8,0,3305.4,-280,0,-40
4.87,7636.4,0,3305.2,-280,0,-40
4.875,7635,0,3305,-280,0,-40
4.88,7633.6,0,3304.8,-280,0,-40
4.885,7632.2,0,3304.6,-280,0,-40
4.89,7630.8,0,3304.4,-280,0,-40
4.895,7629.4,0,3304.2,-280,0,-40
4.9,7628,0,3304,-280,0,-40
4.905,7626.6,0,3303.8,-280,0,-40
4.91,7625.2,0,3303.6,-280,0,-40
4.915,7623.8,0,3303.4,-280,0,-40
4.92,7622.4,0,3303.2,-280,0,-40
4.925,7621,0,3303,-280,0,-40
4.93,7619.6,0,3302.8,-280,0,-40
4.935,7618.2,0,3302.6,-280,0,-40
4.94,7616.8,0,3302.4,-280,0,-40
4.945,7615.4,0,3302.2,-280,0,-40
4.95,7614,0,3302,-280,0,-40
4.955,7612.6,0,3301.8,-280,0,-40
4.96,7611.2,0,3301.6,-280,0,-40
4.965,7609.8,0,3301.4,-280,0,-40
4.97,7608.4,0,3301.2,-280,0,-40
4.975,7607,0,3301,-280,0,-40
4.98,7605.6,0,3300.8,-280,0,-40
4.985,7604.2,0,3300.6,-280,0,-40
4.99,7602.8,0,3300.4,-280,0,-40
4.995,7601.4,0,3300.2,-280,0,-40
5,7600,0,3300,-280,0,-40
5.005,7598.6,0,3299.8,-280,0,-40
5.01,7597.2,0,3299.6,-280,0,-40
5.015,7595.8,0,3299.4,-280,0,-40
5.02,7594.4,0,3299.2,-280,0,-40
5.025,7593,0,3299,-280,0,-40
5.03,7591.6,0,3298.8,-280,0,-40
5.035,7590.2,0,3298.6,-280,0,-40
5.04,7588.8,0,3298.4,-280,0,-40
5.045,7587.4,0,3298.2,-280,0,-40
5.05,7586,0,3298,-280,0,-40
5.055,7584.6,0,3297.8,-280,0,-40
5.06,7583.2,0,3297.6,-280,0,-40
5.065,7581.8,0,3297.4,-280,0,-40
5.07,7580.4,0,3297.2,-280,0,-40
5.075,7579,0,3297,-280,0,-40
5.08,7577.6,0,3296.8,-280,0,-40
5.085,7576.2,0,3296.6,-280,0,-40
5.09,7574.8,0,3296.4,-280,0,-40
5.095,7573.4,0,3296.2,-280,0,-40
5.1,7572,0,3296,-280,0,-40
5.105,7570.6,0,3295.8,-280,0,-40
5.11,7569.2,0,3295.6,-280,0,-40
5.115,7567.8,0,3295.4,-280,0,-40
5.12,7566.4,0,3295.2,-280,0,-40
5.125,7565,0,3295,-280,0,-40
5.13,7563.6,0,3294.8,-280,0,-40
5.135,7562.2,0,3294.6,-280,0,-40
5.14,7560.8,0,3294.4,-280,0,-40
5.145,7559.4,0,3294.2,-280,0,-40
5.15,7558,0,3294,-280,0,-40
5.155,7556.6,0,3293.8,-280,0,-40
5.16,7555.2,0,3293.6,-280,0,-40
5.165,7553.8,0,3293.4,-280,0,-40
5.17,7552.4,0,3293.2,-280,0,-40
5.175,7551,0,3293,-280,0,-40
5.18,7549.6,0,3292.8,-280,0,-40
5.185,7548.2,0,3292.6,-280,0,-40
5.19,7546.8,0,3292.4,-280,0,-40
5.195,7545.4,0,3292.2,-280,0,-40
5.2,7544,0,3292,-280,0,-40
5.205,7542.6,0,3291.8,-280,0,-40
5.21,7541.2,0,3291.6,-280,0,-40
5.215,7539.8,0,3291.4,-280,0,-40
5.22,7538.4,0,3291.2,-280,0,-40
5.225,7537,0,3291,-280,0,-40
5.23,7535.6,0,3290.8,-280,0,-40
5.235,7534.2,0,3290.6,-280,0,-40
5.24,7532.8,0,3290.4,-280,0,-40
5.245,7531.4,0,3290.2,-280,0,-40
5.25,7530,0,3290,-280,0,-40
5.255,7528.6,0,3289.8,-280,0,-40
5.26,7527.2,0,3289.6,-280,0,-40
5.265,7525.8,0,3289.4,-280,0,-40
5.27,7524.4,0,3289.2,-280,0,-40
5.275,7523,0,3289,-280,0,-40
5.28,7521.6,0,3288.8,-280,0,-40
5.285,7520.2,0,3288.6,-280,0,-40
5.29,7518.8,0,3288.4,-280,0,-40
5.295,7517.4,0,3288.2,-280,0,-40
5.3,7516,0,3288,-280,0,-40
5.305,7514.6,0,3287.8,-280,0,-40
5.31,7513.2,0,3287.6,-280,0,-40
5.315,7511.8,0,3287.4,-280,0,-40
5.32,7510.4,0,3287.2,-280,0,-40
5.325,7509,0,3287,-280,0,-40
5.33,7507.6,0,3286.8,-280,0,-40
5.335,7506.2,0,3286.6,-280,0,-40
5.34,7504.8,0,3286.4,-280,0,-40
5.345,7503.4,0,3286.2,-280,0,-40
5.35,7502,0,3286,-280,0,-40
5.355,7500.6,0,3285.8,-280,0,-40
5.36,7499.2,0,3285.6,-280,0,-40
5.365,7497.8,0,3285.4,-280,0,-40
5.37,7496.4,0,3285.2,-280,0,-40
5.375,7495,0,3285,-280,0,-40
5.38,7493.6,0,3284.8,-280,0,-40
5.385,7492.2,0,3284.6,-280,0,-40
5.39,7490.8,0,3284.4,-280,0,-40
5.395,7489.4,0,3284.2,-280,0,-40
5.4,7488,0,3284,-280,0,-40
5.405,7486.6,0,3283.8,-280,0,-40
5.41,7485.2,0,3283.6,-280,0,-40
5.415,7483.8,0,3283.4,-280,0,-40
5.42,7482.4,0,3283.2,-280,0,-40
5.425,7481,0,3283,-280,0,-40
5.43,7479.6,0,3282.8,-280,0,-40
5.435,7478.2,0,3282.6,-280,0,-40
5.44,7476.8,0,3282.4,-280,0,-40
5.445,7475.4,0,3282.2,-280,0,-40
5.45,7474,0,3282,-280,0,-40
5.455,7472.6,0,3281.8,-280,0,-40
5.46,7471.2,0,3281.6,-280,0,-40
5.465,7469.8,0,3281.4,-280,0,-40
5.47,7468.4,0,3281.2,-280,0,-40
5.475,7467,0,3281,-280,0,-40
5.48,7465.6,0,3280.8,-280,0,-40
5.485,7464.2,0,3280.6,-280,0,-40
5.49,7462.8,0,3280.4,-280,0,-40
5.495,7461.4,0,3280.2,-280,0,-40
5.5,7460,0,3280,-280,0,-40
5.505,7458.6,0,3279.8,-280,0,-40
5.51,7457.2,0,3279.6,-280,0,-40
5.515,7455.8,0,3279.4,-280,0,-40
5.52,7454.4,0,3279.2,-280,0,-40
5.525,7453,0,3279,-280,0,-40
5.53,7451.6,0,3278.8,-280,0,-40
5.535,7450.2,0,3278.6,-280,0,-40
5.54,7448.8,0,3278.4,-280,0,-40
5.545,7447.4,0,3278.2,-280,0,-40
5.55,7446,0,3278,-280,0,-40
5.555,7444.6,0,3277.8,-280,0,-40
5.56,7443.2,0,3277.6,-280,0,-40
5.565,7441.8,0,3277.4,-280,0,-40
5.57,7440.4,0,3277.2,-280,0,-40
5.575,7439,0,3277,-280,0,-40
5.58,7437.6,0,3276.8,-280,0,-40
5.585,7436.2,0,3276.6,-280,0,-40
5.59,7434.8,0,3276.4,-280,0,-40
5.595,7433.4,0,3276.2,-280,0,-40
5.6,7432,0,3276,-280,0,-40
5.605,7430.6,0,3275.8,-280,0,-40
5.61,7429.2,0,3275.6,-280,0,-40
5.615,7427.8,0,3275.4,-280,0,-40
5.62,7426.4,0,3275.2,-280,0,-40
5.625,7425,0,3275,-280,0,-40
5.63,7423.6,0,3274.8,-280,0,-40
5.635,7422.2,0,3274.6,-280,0,-40
5.64,7420.8,0,3274.4,-280,0,-40
5.645,7419.4,0,3274.2,-280,0,-40
5.65,7418,0,3274,-280,0,-40
5.655,7416.6,0,3273.8,-280,0,-40
5.66,7415.2,0,3273.6,-280,0,-40
5.665,7413.8,0,3273.4,-280,0,-40
5.67,7412.4,0,3273.2,-280,0,-40
5.675,7411,0,3273,-280,0,-40
5.68,7409.6,0,3272.8,-280,0,-40
5.685,7408.2,0,3272.6,-280,0,-40
5.69,7406.8,0,3272.4,-280,0,-40
5.695,7405.4,0,3272.2,-280,0,-40
5.7,7404,0,3272,-280,0,-40
5.705,7402.6,0,3271.8,-280,0,-40
5.71,7401.2,0,3271.6,-280,0,-40
5.715,7399.8,0,3271.4,-280,0,-40
5.72,7398.4,0,3271.2,-280,0,-40
5.725,7397,0,3271,-280,0,-40
5.73,7395.6,0,3270.8,-280,0,-40
5.735,7394.2,0,3270.6,-280,0,-40
5.74,7392.8,0,3270.4,-280,0,-40
5.745,7391.4,0,3270.2,-280,0,-40
5.75,7390,0,3270,-280,0,-40
5.755,7388.6,0,3269.8,-280,0,-40
5.76,7387.2,0,3269.6,-280,0,-40
5.765,7385.8,0,3269.4,-280,0,-40
5.77,7384.4,0,3269.2,-280,0,-40
5.775,7383,0,3269,-280,0,-40
5.78,7381.6,0,3268.8,-280,0,-40
5.785,7380.2,0,3268.6,-280,0,-40
5.79,7378.8,0,3268.4,-280,0,-40
5.795,7377.4,0,3268.2,-280,0,-40
5.8,7376,0,3268,-280,0,-40
5.805,7374.6,0,3267.8,-280,0,-40
5.81,7373.2,0,3267.6,-280,0,-40
5.815,7371.8,0,3267.4,-280,0,-40
5.82,7370.4,0,3267.2,-280,0,-40
5.825,7369,0,3267,-280,0,-40
5.83,7367.6,0,3266.8,-280,0,-40
5.835,7366.2,0,3266.6,-280,0,-40
5.84,7364.8,0,3266.4,-280,0,-40
5.845,7363.4,0,3266.2,-280,0,-40
5.85,7362,0,3266,-280,0,-40
5.855,7360.6,0,3265.8,-280,0,-40
5.86,7359.2,0,3265.6,-280,0,-40
5.865,7357.8,0,3265.4,-280,0,-40
5.87,7356.4,0,3265.2,-280,0,-40
5.875,7355,0,3265,-280,0,-40
5.88,7353.6,0,3264.8,-280,0,-40
5.885,7352.2,0,3264.6,-280,0,-40
5.89,7350.8,0,3264.4,-280,0,-40
5.895,7349.4,0,3264.2,-280,0,-40
5.9,7348,0,3264,-280,0,-40
5.905,7346.6,0,3263.8,-280,0,-40
5.91,7345.2,0,3263.6,-280,0,-40
5.915,7343.8,0,3263.4,-280,0,-40
5.92,7342.4,0,3263.2,-280,0,-40
5.925,7341,0,3263,-280,0,-40
5.93,7339.6,0,3262.8,-280,0,-40
5.935,7338.2,0,3262.6,-280,0,-40
5.94,7336.8,0,3262.4,-280,0,-40
5.945,7335.4,0,3262.2,-280,0,-40
5.95,7334,0,3262,-280,0,-40
5.955,7332.6,0,3261.8,-280,0,-40
5.96,7331.2,0,3261.6,-280,0,-40
5.965,7329.8,0,3261.4,-280,0,-40
5.97,7328.4,0,3261.2,-280,0,-40
5.975,7327,0,3261,-280,0,-40
5.98,7325.6,0,3260.8,-280,0,-40
5.985,7324.2,0,3260.6,-280,0,-40
5.99,7322.8,0,3260.4,-280,0,-40
5.995,7321.4,0,3260.2,-280,0,-40
6,7320,0,3260,-280,0,-40
6.005,7318.6,0,3259.8,-280,0,-40
6.01,7317.2,0,3259.6,-280,0,-40
6.015,7315.8,0,3259.4,-280,0,-40
6.02,7314.4,0,3259.2,-280,0,-40
6.025,7313,0,3259,-280,0,-40
6.03,7311.6,0,3258.8,-280,0,-40
6.035,7310.2,0,3258.6,-280,0,-40
6.04,7308.8,0,3258.4,-280,0,-40
6.045,7307.4,0,3258.2,-280,0,-40
6.05,7306,0,3258,-280,0,-40
6.055,7304.6,0,3257.8,-280,0,-40
6.06,7303.2,0,3257.6,-280,0,-40
6.065,7301.8,0,3257.4,-280,0,-40
6.07,7300.4,0,3257.2,-280,0,-40
6.075,7299,0,3257,-280,0,-40
6.08,7297.6,0,3256.8,-280,0,-40
6.085,7296.2,0,3256.6,-280,0,-40
6.09,7294.8,0,3256.4,-280,0,-40
6.095,7293.4,0,3256.2,-280,0,-40
6.1,7292,0,3256,-280,0,-40
6.105,7290.6,0,3255.8,-280,0,-40
6.11,7289.2,0,3255.6,-280,0,-40
6.115,7287.8,0,3255.4,-280,0,-40
6.12,7286.4,0,3255.2,-280,0,-40
6.125,7285,0,3255,-280,0,-40
6.13,7283.6,0,3254.8,-280,0,-40
6.135,7282.2,0,3254.6,-280,0,-40
6.14,7280.8,0,3254.4,-280,0,-40
6.145,7279.4,0,3254.2,-280,0,-40
6.15,7278,0,3254,-280,0,-40
6.155,7276.6,0,3253.8,-280,0,-40
6.16,7275.2,0,3253.6,-280,0,-40
6.165,7273.8,0,3253.4,-280,0,-40
6.17,7272.4,0,3253.2,-280,0,-40
6.175,7271,0,3253,-280,0,-40
6.18,7269.6,0,3252.8,-280,0,-40
6.185,7268.2,0,3252.6,-280,0,-40
6.19,7266.8,0,3252.4,-280,0,-40
6.195,7265.4,0,3252.2,-280,0,-40
6.2,7264,0,3252,-280,0,-40
6.205,7262.6,0,3251.8,-280,0,-40
6.21,7261.2,0,3251.6,-280,0,-40
6.215,7259.8,0,3251.4,-280,0,-40
6.22,7258.4,0,3251.2,-280,0,-40
6.225,7257,0,3251,-280,0,-40
6.23,7255.6,0,3250.8,-280,0,-40
6.235,7254.2,0,3250.6,-280,0,-40
6.24,7252.8,0,3250.4,-280,0,-40
6.245,7251.4,0,3250.2,-280,0,-40
6.25,7250,0,3250,-280,0,-40
6.255,7248.6,0,3249.8,-280,0,-40
6.26,7247.2,0,3249.6,-280,0,-40
6.265,7245.8,0,3249.4,-280,0,-40
6.27,7244.4,0,3249.2,-280,0,-40
6.275,7243,0,3249,-280,0,-40
6.28,7241.6,0,3248.8,-280,0,-40
6.285,7240.2,0,3248.6,-280,0,-40
6.29,7238.8,0,3248.4,-280,0,-40
6.295,7237.4,0,3248.2,-280,0,-40
6.3,7236,0,3248,-280,0,-40
6.305,7234.6,0,3247.8,-280,0,-40
6.31,7233.2,0,3247.6,-280,0,-40
6.315,7231.8,0,3247.4,-280,0,-40
6.32,7230.4,0,3247.2,-280,0,-40
6.325,7229,0,3247,-280,0,-40
6.33,7227.6,0,3246.8,-280,0,-40
6.335,7226.2,0,3246.6,-280,0,-40
6.34,7224.8,0,3246.4,-280,0,-40
6.345,7223.4,0,3246.2,-280,0,-40
6.35,7222,0,3246,-280,0,-40
6.355,7220.6,0,3245.8,-280,0,-40
6.36,7219.2,0,3245.6,-280,0,-40
6.365,7217.8,0,3245.4,-280,0,-40
6.37,7216.4,0,3245.2,-280,0,-40
6.375,7215,0,3245,-280,0,-40
6.38,7213.6,0,3244.8,-280,0,-40
6.385,7212.2,0,3244.6,-280,0,-40
6.39,7210.8,0,3244.4,-280,0,-40
6.395,7209.4,0,3244.2,-280,0,-40
6.4,7208,0,3244,-280,0,-40
6.405,7206.6,0,3243.8,-280,0,-40
6.41,7205.2,0,3243.6,-280,0,-40
6.415,7203.8,0,3243.4,-280,0,-40
6.42,7202.4,0,3243.2,-280,0,-40
6.425,7201,0,3243,-280,0,-40
6.43,7199.6,0,3242.8,-280,0,-40
6.435,7198.2,0,3242.6,-280,0,-40
6.44,7196.8,0,3242.4,-280,0,-40
6.445,7195.4,0,3242.2,-280,0,-40
6.45,7194,0,3242,-280,0,-40
6.455,7192.6,0,3241.8,-280,0,-40
6.46,7191.2,0,3241.6,-280,0,-40
6.465,7189.8,0,3241.4,-280,0,-40
6.47,7188.4,0,3241.2,-280,0,-40
6.475,7187,0,3241,-280,0,-40
6.48,7185.6,0,3240.8,-280,0,-40
6.485,7184.2,0,3240.6,-280,0,-40
6.49,7182.8,0,3240.4,-280,0,-40
6.495,7181.4,0,3240.2,-280,0,-40
6.5,7180,0,3240,-280,0,-40
6.505,7178.6,0,3239.8,-280,0,-40
6.51,7177.2,0,3239.6,-280,0,-40
6.515,7175.8,0,3239.4,-280,0,-40
6.52,7174.4,0,3239.2,-280,0,-40
6.525,7173,0,3239,-280,0,-40
6.53,7171.6,0,3238.8,-280,0,-40
6.535,7170.2,0,3238.6,-280,0,-40
6.54,7168.8,0,3238.4,-280,0,-40
6.545,7167.4,0,3238.2,-280,0,-40
6.55,7166,0,3238,-280,0,-40
6.555,7164.6,0,3237.8,-280,0,-40
6.56,7163.2,0,3237.6,-280,0,-40
6.565,7161.8,0,3237.4,-280,0,-40
6.57,7160.4,0,3237.2,-280,0,-40
6.575,7159,0,3237,-280,0,-40
6.58,7157.6,0,3236.8,-280,0,-40
6.585,7156.2,0,3236.6,-280,0,-40
6.59,7154.8,0,3236.4,-280,0,-40
6.595,7153.4,0,3236.2,-280,0,-40
6.6,7152,0,3236,-280,0,-40
6.605,7150.6,0,3235.8,-280,0,-40
6.61,7149.2,0,3235.6,-280,0,-40
6.615,7147.8,0,3235.4,-280,0,-40
6.62,7146.4,0,3235.2,-280,0,-40
6.625,7145,0,3235,-280,0,-40
6.63,7143.6,0,3234.8,-280,0,-40
6.635,7142.2,0,3234.6,-280,0,-40
6.64,7140.8,0,3234.4,-280,0,-40
6.645,7139.4,0,3234.2,-280,0,-40
6.65,7138,0,3234,-280,0,-40
6.655,7136.6,0,3233.8,-280,0,-40
6.66,7135.2,0,3233.6,-280,0,-40
6.665,7133.8,0,3233.4,-280,0,-40
6.67,7132.4,0,3233.2,-280,0,-40
6.675,7131,0,3233,-280,0,-40
6.68,7129.6,0,3232.8,-280,0,-40
6.685,7128.2,0,3232.6,-280,0,-40
6.69,7126.8,0,3232.4,-280,0,-40
6.695,7125.4,0,3232.2,-280,0,-40
6.7,7124,0,3232,-280,0,-40
6.705,7122.6,0,3231.8,-280,0,-40
6.71,7121.2,0,3231.6,-280,0,-40
6.715,7119.8,0,3231.4,-280,0,-40
6.72,7118.4,0,3231.2,-280,0,-40
6.725,7117,0,3231,-280,0,-40
6.73,7115.6,0,3230.8,-280,0,-40
6.735,7114.2,0,3230.6,-280,0,-40
6.74,7112.8,0,3230.4,-280,0,-40
6.745,7111.4,0,3230.2,-280,0,-40
6.75,7110,0,3230,-280,0,-40
6.755,7108.6,0,3229.8,-280,0,-40
6.76,7107.2,0,3229.6,-280,0,-40
6.765,7105.8,0,3229.4,-280,0,-40
6.77,7104.4,0,3229.2,-280,0,-40
6.775,7103,0,3229,-280,0,-40
6.78,7101.6,0,3228.8,-280,0,-40
6.785,7100.2,0,3228.6,-280,0,-40
6.79,7098.8,0,3228.4,-280,0,-40
6.795,7097.4,0,3228.2,-280,0,-40
6.8,7096,0,3228,-280,0,-40
6.805,7094.6,0,3227.8,-280,0,-40
6.81,7093.2,0,3227.6,-280,0,-40
6.815,7091.8,0,3227.4,-280,0,-40
6.82,7090.4,0,3227.2,-280,0,-40
6.825,7089,0,3227,-280,0,-40
6.83,7087.6,0,3226.8,-280,0,-40
6.835,7086.2,0,3226.6,-280,0,-40
6.84,7084.8,0,3226.4,-280,0,-40
6.845,7083.4,0,3226.2,-280,0,-40
6.85,7082,0,3226,-280,0,-40
6.855,7080.6,0,3225.8,-280,0,-40
6.86,7079.2,0,3225.6,-280,0,-40
6.865,7077.8,0,3225.4,-280,0,-40
6.87,7076.4,0,3225.2,-280,0,-40
6.875,7075,0,3225,-280,0,-40
6.88,7073.6,0,3224.8,-280,0,-40
6.885,7072.2,0,3224.6,-280,0,-40
6.89,7070.8,0,3224.4,-280,0,-40
6.895,7069.4,0,3224.2,-280,0,-40
6.9,7068,0,3224,-280,0,-40
6.905,7066.6,0,3223.8,-280,0,-40
6.91,7065.2,0,3223.6,-280,0,-40
6.915,7063.8,0,3223.4,-280,0,-40
6.92,7062.4,0,3223.2,-280,0,-40
6.925,7061,0,3223,-280,0,-40
6.93,7059.6,0,3222.8,-280,0,-40
6.935,7058.2,0,3222.6,-280,0,-40
6.94,7056.8,0,3222.4,-280,0,-40
6.945,7055.4,0,3222.2,-280,0,-40
6.95,7054,0,3222,-280,0,-40
6.955,7052.6,0,3221.8,-280,0,-40
6.96,7051.2,0,3221.6,-280,0,-40
6.965,7049.8,0,3221.4,-280,0,-40
6.97,7048.4,0,3221.2,-280,0,-40
6.975,7047,0,3221,-280,0,-40
6.98,7045.6,0,3220.8,-280,0,-40
6.985,7044.2,0,3220.6,-280,0,-40
6.99,7042.8,0,3220.4,-280,0,-40
6.995,7041.4,0,3220.2,-280,0,-40
7,7040,0,3220,-280,0,-40
7.005,7038.6,0,3219.8,-280,0,-40
7.01,7037.2,0,3219.6,-280,0,-40
7.015,7035.8,0,3219.4,-280,0,-40
7.02,7034.4,0,3219.2,-280,0,-40
7.025,7033,0,3219,-280,0,-40
7.03,7031.6,0,3218.8,-280,0,-40
7.035,7030.2,0,3218.6,-280,0,-40
7.04,7028.8,0,3218.4,-280,0,-40
7.045,7027.4,0,3218.2,-280,0,-40
7.05,7026,0,3218,-280,0,-40
7.055,7024.6,0,3217.8,-280,0,-40
7.06,7023.2,0,3217.6,-280,0,-40
7.065,7021.8,0,3217.4,-280,0,-40
7.07,7020.4,0,3217.2,-280,0,-40
7.075,7019,0,3217,-280,0,-40
7.08,7017.6,0,3216.8,-280,0,-40
7.085,7016.2,0,3216.6,-280,0,-40
7.09,7014.8,0,3216.4,-280,0,-40
7.095,7013.4,0,3216.2,-280,0,-40
7.1,7012,0,3216,-280,0,-40
7.105,7010.6,0,3215.8,-280,0,-40
7.11,7009.2,0,3215.6,-280,0,-40
7.115,7007.8,0,3215.4,-280,0,-40
7.12,7006.4,0,3215.2,-280,0,-40
7.125,7005,0,3215,-280,0,-40
7.13,7003.6,0,3214.8,-280,0,-40
7.135,7002.2,0,3214.6,-280,0,-40
7.14,7000.8,0,3214.4,-280,0,-40
7.145,6999.4,0,3214.2,-280,0,-40
7.15,6998,0,3214,-280,0,-40
7.155,6996.6,0,3213.8,-280,0,-40
7.16,6995.2,0,3213.6,-280,0,-40
7.165,6993.8,0,3213.4,-280,0,-40
7.17,6992.4,0,3213.2,-280,0,-40
7.175,6991,0,3213,-280,0,-40
7.18,6989.6,0,3212.8,-280,0,-40
7.185,6988.2,0,3212.6,-280,0,-40
7.19,6986.8,0,3212.4,-280,0,-40
7.195,6985.4,0,3212.2,-280,0,-40
7.2,6984,0,3212,-280,0,-40
7.205,6982.6,0,3211.8,-280,0,-40
7.21,6981.2,0,3211.6,-280,0,-40
7.215,6979.8,0,3211.4,-280,0,-40
7.22,6978.4,0,3211.2,-280,0,-40
7.225,6977,0,3211,-280,0,-40
7.23,6975.6,0,3210.8,-280,0,-40
7.235,6974.2,0,3210.6,-280,0,-40
7.24,6972.8,0,3210.4,-280,0,-40
7.245,6971.4,0,3210.2,-280,0,-40
7.25,6970,0,3210,-280,0,-40
7.255,6968.6,0,3209.8,-280,0,-40
7.26,6967.2,0,3209.6,-280,0,-40
7.265,6965.8,0,3209.4,-280,0,-40
7.27,6964.4,0,3209.2,-280,0,-40
7.275,6963,0,3209,-280,0,-40
7.28,6961.6,0,3208.8,-280,0,-40
7.285,6960.2,0,3208.6,-280,0,-40
7.29,6958.8,0,3208.4,-280,0,-40
7.295,6957.4,0,3208.2,-280,0,-40
7.3,6956,0,3208,-280,0,-40
7.305,6954.6,0,3207.8,-280,0,-40
7.31,6953.2,0,3207.6,-280,0,-40
7.315,6951.8,0,3207.4,-280,0,-40
7.32,6950.4,0,3207.2,-280,0,-40
7.325,6949,0,3207,-280,0,-40
7.33,6947.6,0,3206.8,-280,0,-40
7.335,6946.2,0,3206.6,-280,0,-40
7.34,6944.8,0,3206.4,-280,0,-40
7.345,6943.4,0,3206.2,-280,0,-40
7.35,6942,0,3206,-280,0,-40
7.355,6940.6,0,3205.8,-280,0,-40
7.36,6939.2,0,3205.6,-280,0,-40
7.365,6937.8,0,3205.4,-280,0,-40
7.37,6936.4,0,3205.2,-280,0,-40
7.375,6935,0,3205,-280,0,-40
7.38,6933.6,0,3204.8,-280,0,-40
7.385,6932.2,0,3204.6,-280,0,-40
7.39,6930.8,0,3204.4,-280,0,-40
7.395,6929.4,0,3204.2,-280,0,-40
7.4,6928,0,3204,-280,0,-40
7.405,6926.6,0,3203.8,-280,0,-40
7.41,6925.2,0,3203.6,-280,0,-40
7.415,6923.8,0,3203.4,-280,0,-40
7.42,6922.4,0,3203.2,-280,0,-40
7.425,6921,0,3203,-280,0,-40
7.43,6919.6,0,3202.8,-280,0,-40
7.435,6918.2,0,3202.6,-280,0,-40
7.44,6916.8,0,3202.4,-280,0,-40
7.445,6915.4,0,3202.2,-280,0,-40
7.45,6914,0,3202,-280,0,-40
7.455,6912.6,0,3201.8,-280,0,-40
7.46,6911.2,0,3201.6,-280,0,-40
7.465,6909.8,0,3201.4,-280,0,-40
7.47,6908.4,0,3201.2,-280,0,-40
7.475,6907,0,3201,-280,0,-40
7.48,6905.6,0,3200.8,-280,0,-40
7.485,6904.2,0,3200.6,-280,0,-40
7.49,6902.8,0,3200.4,-280,0,-40
7.495,6901.4,0,3200.2,-280,0,-40
7.5,6900,0,3200,-280,0,-40
7.505,6898.6,0,3199.8,-280,0,-40
7.51,6897.2,0,3199.6,-280,0,-40
7.515,6895.8,0,3199.4,-280,0,-40
7.52,6894.4,0,3199.2,-280,0,-40
7.525,6893,0,3199,-280,0,-40
7.53,6891.6,0,3198.8,-280,0,-40
7.535,6890.2,0,3198.6,-280,0,-40
7.54,6888.8,0,3198.4,-280,0,-40
7.545,6887.4,0,3198.2,-280,0,-40
7.55,6886,0,3198,-280,0,-40
7.555,6884.6,0,3197.8,-280,0,-40
7.56,6883.2,0,3197.6,-280,0,-40
7.565,6881.8,0,3197.4,-280,0,-40
7.57,6880.4,0,3197.2,-280,0,-40
7.575,6879,0,3197,-280,0,-40
7.58,6877.6,0,3196.8,-280,0,-40
7.585,6876.2,0,3196.6,-280,0,-40
7.59,6874.8,0,3196.4,-280,0,-40
7.595,6873.4,0,3196.2,-280,0,-40
7.6,6872,0,3196,-280,0,-40
7.605,6870.6,0,3195.8,-280,0,-40
7.61,6869.2,0,3195.6,-280,0,-40
7.615,6867.8,0,3195.4,-280,0,-40
7.62,6866.4,0,3195.2,-280,0,-40
7.625,6865,0,3195,-280,0,-40
7.63,6863.6,0,3194.8,-280,0,-40
7.635,6862.2,0,3194.6,-280,0,-40
7.64,6860.8,0,3194.4,-280,0,-40
7.645,6859.4,0,3194.2,-280,0,-40
7.65,6858,0,3194,-280,0,-40
7.655,6856.6,0,3193.8,-280,0,-40
7.66,6855.2,0,3193.6,-280,0,-40
7.665,6853.8,0,3193.4,-280,0,-40
7.67,6852.4,0,3193.2,-280,0,-40
7.675,6851,0,3193,-280,0,-40
7.68,6849.6,0,3192.8,-280,0,-40
7.685,6848.2,0,3192.6,-280,0,-40
7.69,6846.8,0,3192.4,-280,0,-40
7.695,6845.4,0,3192.2,-280,0,-40
7.7,6844,0,3192,-280,0,-40
7.705,6842.6,0,3191.8,-280,0,-40
7.71,6841.2,0,3191.6,-280,0,-40
7.715,6839.8,0,3191.4,-280,0,-40
7.72,6838.4,0,3191.2,-280,0,-40
7.725,6837,0,3191,-280,0,-40
7.73,6835.6,0,3190.8,-280,0,-40
7.735,6834.2,0,3190.6,-280,0,-40
7.74,6832.8,0,3190.4,-280,0,-40
7.745,6831.4,0,3190.2,-280,0,-40
7.75,6830,0,3190,-280,0,-40
7.755,6828.6,0,3189.8,-280,0,-40
7.76,6827.2,0,3189.6,-280,0,-40
7.765,6825.8,0,3189.4,-280,0,-40
7.77,6824.4,0,3189.2,-280,0,-40
7.775,6823,0,3189,-280,0,-40
7.78,6821.6,0,3188.8,-280,0,-40
7.785,6820.2,0,3188.6,-280,0,-40
7.79,6818.8,0,3188.4,-280,0,-40
7.795,6817.4,0,3188.2,-280,0,-40
7.8,6816,0,3188,-280,0,-40
7.805,6814.6,0,3187.8,-280,0,-40
7.81,6813.2,0,3187.6,-280,0,-40
7.815,6811.8,0,3187.4,-280,0,-40
7.82,6810.4,0,3187.2,-280,0,-40
7.825,6809,0,3187,-280,0,-40
7.83,6807.6,0,3186.8,-280,0,-40
7.835,6806.2,0,3186.6,-280,0,-40
7.84,6804.8,0,3186.4,-280,0,-40
7.845,6803.4,0,3186.2,-280,0,-40
7.85,6802,0,3186,-280,0,-40
7.855,6800.6,0,3185.8,-280,0,-40
7.86,6799.2,0,3185.6,-280,0,-40
7.865,6797.8,0,3185.4,-280,0,-40
7.87,6796.4,0,3185.2,-280,0,-40
7.875,6795,0,3185,-280,0,-40
7.88,6793.6,0,3184.8,-280,0,-40
7.885,6792.2,0,3184.6,-280,0,-40
7.89,6790.8,0,3184.4,-280,0,-40
7.895,6789.4,0,3184.2,-280,0,-40
7.9,6788,0,3184,-280,0,-40
7.905,6786.6,0,3183.8,-280,0,-40
7.91,6785.2,0,3183.6,-280,0,-40
7.915,6783.8,0,3183.4,-280,0,-40
7.92,6782.4,0,3183.2,-280,0,-40
7.925,6781,0,3183,-280,0,-40
7.93,6779.6,0,3182.8,-280,0,-40
7.935,6778.2,0,3182.6,-280,0,-40
7.94,6776.8,0,3182.4,-280,0,-40
7.945,6775.4,0,3182.2,-280,0,-40
7.95,6774,0,3182,-280,0,-40
7.955,6772.6,0,3181.8,-280,0,-40
7.96,6771.2,0,3181.6,-280,0,-40
7.965,6769.8,0,3181.4,-280,0,-40
7.97,6768.4,0,3181.2,-280,0,-40
7.975,6767,0,3181,-280,0,-40
7.98,6765.6,0,3180.8,-280,0,-40
7.985,6764.2,0,3180.6,-280,0,-40
7.99,6762.8,0,3180.4,-280,0,-40
7.995,6761.4,0,3180.2,-280,0,-40
8,6760,0,3180,-280,0,-40
8.005,6758.6,0,3179.8,-280,0,-40
8.01,6757.2,0,3179.6,-280,0,-40
8.015,6755.8,0,3179.4,-280,0,-40
8.02,6754.4,0,3179.2,-280,0,-40
8.025,6753,0,3179,-280,0,-40
8.03,6751.6,0,3178.8,-280,0,-40
8.035,6750.2,0,3178.6,-280,0,-40
8.04,6748.8,0,3178.4,-280,0,-40
8.045,6747.4,0,3178.2,-280,0,-40
8.05,6746,0,3178,-280,0,-40
8.055,6744.6,0,3177.8,-280,0,-40
8.06,6743.2,0,3177.6,-280,0,-40
8.065,6741.8,0,3177.4,-280,0,-40
8.07,6740.4,0,3177.2,-280,0,-40
8.075,6739,0,3177,-280,0,-40
8.08,6737.6,0,3176.8,-280,0,-40
8.085,6736.2,0,3176.6,-280,0,-40
8.09,6734.8,0,3176.4,-280,0,-40
8.095,6733.4,0,3176.2,-280,0,-40
8.1,6732,0,3176,-280,0,-40
8.105,6730.6,0,3175.8,-280,0,-40
8.11,6729.2,0,3175.6,-280,0,-40
8.115,6727.8,0,3175.4,-280,0,-40
8.12,6726.4,0,3175.2,-280,0,-40
8.125,6725,0,3175,-280,0,-40
8.13,6723.6,0,3174.8,-280,0,-40
8.135,6722.2,0,3174.6,-280,0,-40
8.14,6720.8,0,3174.4,-280,0,-40
8.145,6719.4,0,3174.2,-280,0,-40
8.15,6718,0,3174,-280,0,-40
8.155,6716.6,0,3173.8,-280,0,-40
8.16,6715.2,0,3173.6,-280,0,-40
8.165,6713.8,0,3173.4,-280,0,-40
8.17,6712.4,0,3173.2,-280,0,-40
8.175,6711,0,3173,-280,0,-40
8.18,6709.6,0,3172.8,-280,0,-40
8.185,6708.2,0,3172.6,-280,0,-40
8.19,6706.8,0,3172.4,-280,0,-40
8.195,6705.4,0,3172.2,-280,0,-40
8.2,6704,0,3172,-280,0,-40
8.205,6702.6,0,3171.8,-280,0,-40
8.21,6701.2,0,3171.6,-280,0,-40
8.215,6699.8,0,3171.4,-280,0,-40
8.22,6698.4,0,3171.2,-280,0,-40
8.225,6697,0,3171,-280,0,-40
8.23,6695.6,0,3170.8,-280,0,-40
8.235,6694.2,0,3170.6,-280,0,-40
8.24,6692.8,0,3170.4,-280,0,-40
8.245,6691.4,0,3170.2,-280,0,-40
8.25,6690,0,3170,-280,0,-40
8.255,6688.6,0,3169.8,-280,0,-40
8.26,6687.2,0,3169.6,-280,0,-40
8.265,6685.8,0,3169.4,-280,0,-40
8.27,6684.4,0,3169.2,-280,0,-40
8.275,6683,0,3169,-280,0,-40
8.28,6681.6,0,3168.8,-280,0,-40
8.285,6680.2,0,3168.6,-280,0,-40
8.29,6678.8,0,3168.4,-280,0,-40
8.295,6677.4,0,3168.2,-280,0,-40
8.3,6676,0,3168,-280,0,-40
8.305,6674.6,0,3167.8,-280,0,-40
8.31,6673.2,0,3167.6,-280,0,-40
8.315,6671.8,0,3167.4,-280,0,-40
8.32,6670.4,0,3167.2,-280,0,-40
8.325,6669,0,3167,-280,0,-40
8.33,6667.6,0,3166.8,-280,0,-40
8.335,6666.2,0,3166.6,-280,0,-40
8.34,6664.8,0,3166.4,-280,0,-40
8.345,6663.4,0,3166.2,-280,0,-40
8.35,6662,0,3166,-280,0,-40
8.355,6660.6,0,3165.8,-280,0,-40
8.36,6659.2,0,3165.6,-280,0,-40
8.365,6657.8,0,3165.4,-280,0,-40
8.37,6656.4,0,3165.2,-280,0,-40
8.375,6655,0,3165,-280,0,-40
8.38,6653.6,0,3164.8,-280,0,-40
8.385,6652.2,0,3164.6,-280,0,-40
8.39,6650.8,0,3164.4,-280,0,-40
8.395,6649.4,0,3164.2,-280,0,-40
8.4,6648,0,3164,-280,0,-40
8.405,6646.6,0,3163.8,-280,0,-40
8.41,6645.2,0,3163.6,-280,0,-40
8.415,6643.8,0,3163.4,-280,0,-40
8.42,6642.4,0,3163.2,-280,0,-40
8.425,6641,0,3163,-280,0,-40
8.43,6639.6,0,3162.8,-280,0,-40
8.435,6638.2,0,3162.6,-280,0,-40
8.44,6636.8,0,3162.4,-280,0,-40
8.445,6635.4,0,3162.2,-280,0,-40
8.45,6634,0,3162,-280,0,-40
8.455,6632.6,0,3161.8,-280,0,-40
8.46,6631.2,0,3161.6,-280,0,-40
8.465,6629.8,0,3161.4,-280,0,-40
8.47,6628.4,0,3161.2,-280,0,-40
8.475,6627,0,3161,-280,0,-40
8.48,6625.6,0,3160.8,-280,0,-40
8.485,6624.2,0,3160.6,-280,0,-40
8.49,6622.8,0,3160.4,-280,0,-40
8.495,6621.4,0,3160.2,-280,0,-40
8.5,6620,0,3160,-280,0,-40
8.505,6618.6,0,3159.8,-280,0,-40
8.51,6617.2,0,3159.6,-280,0,-40
8.515,6615.8,0,3159.4,-280,0,-40
8.52,6614.4,0,3159.2,-280,0,-40
8.525,6613,0,3159,-280,0,-40
8.53,6611.6,0,3158.8,-280,0,-40
8.535,6610.2,0,3158.6,-280,0,-40
8.54,6608.8,0,3158.4,-280,0,-40
8.545,6607.4,0,3158.2,-280,0,-40
8.55,6606,0,3158,-280,0,-40
8.555,6604.6,0,3157.8,-280,0,-40
8.56,6603.2,0,3157.6,-280,0,-40
8.565,6601.8,0,3157.4,-280,0,-40
8.57,6600.4,0,3157.2,-280,0,-40
8.575,6599,0,3157,-280,0,-40
8.58,6597.6,0,3156.8,-280,0,-40
8.585,6596.2,0,3156.6,-280,0,-40
8.59,6594.8,0,3156.4,-280,0,-40
8.595,6593.4,0,3156.2,-280,0,-40
8.6,6592,0,3156,-280,0,-40
8.605,6590.6,0,3155.8,-280,0,-40
8.61,6589.2,0,3155.6,-280,0,-40
8.615,6587.8,0,3155.4,-280,0,-40
8.62,6586.4,0,3155.2,-280,0,-40
8.625,6585,0,3155,-280,0,-40
8.63,6583.6,0,3154.8,-280,0,-40
8.635,6582.2,0,3154.6,-280,0,-40
8.64,6580.8,0,3154.4,-280,0,-40
8.645,6579.4,0,3154.2,-280,0,-40
8.65,6578,0,3154,-280,0,-40
8.655,6576.6,0,3153.8,-280,0,-40
8.66,6575.2,0,3153.6,-280,0,-40
8.665,6573.8,0,3153.4,-280,0,-40
8.67,6572.4,0,3153.2,-280,0,-40
8.675,6571,0,3153,-280,0,-40
8.68,6569.6,0,3152.8,-280,0,-40
8.685,6568.2,0,3152.6,-280,0,-40
8.69,6566.8,0,3152.4,-280,0,-40
8.695,6565.4,0,3152.2,-280,0,-40
8.7,6564,0,3152,-280,0,-40
8.705,6562.6,0,3151.8,-280,0,-40
8.71,6561.2,0,3151.6,-280,0,-40
8.715,6559.8,0,3151.4,-280,0,-40
8.72,6558.4,0,3151.2,-280,0,-40
8.725,6557,0,3151,-280,0,-40
8.73,6555.6,0,3150.8,-280,0,-40
8.735,6554.2,0,3150.6,-280,0,-40
8.74,6552.8,0,3150.4,-280,0,-40
8.745,6551.4,0,3150.2,-280,0,-40
8.75,6550,0,3150,-280,0,-40
8.755,6548.6,0,3149.8,-280,0,-40
8.76,6547.2,0,3149.6,-280,0,-40
8.765,6545.8,0,3149.4,-280,0,-40
8.77,6544.4,0,3149.2,-280,0,-40
8.775,6543,0,3149,-280,0,-40
8.78,6541.6,0,3148.8,-280,0,-40
8.785,6540.2,0,3148.6,-280,0,-40
8.79,6538.8,0,3148.4,-280,0,-40
8.795,6537.4,0,3148.2,-280,0,-40
8.8,6536,0,3148,-280,0,-40
8.805,6534.6,0,3147.8,-280,0,-40
8.81,6533.2,0,3147.6,-280,0,-40
8.815,6531.8,0,3147.4,-280,0,-40
8.82,6530.4,0,3147.2,-280,0,-40
8.825,6529,0,3147,-280,0,-40
8.83,6527.6,0,3146.8,-280,0,-40
8.835,6526.2,0,3146.6,-280,0,-40
8.84,6524.8,0,3146.4,-280,0,-40
8.845,6523.4,0,3146.2,-280,0,-40
8.85,6522,0,3146,-280,0,-40
8.855,6520.6,0,3145.8,-280,0,-40
8.86,6519.2,0,3145.6,-280,0,-40
8.865,6517.8,0,3145.4,-280,0,-40
8.87,6516.4,0,3145.2,-280,0,-40
8.875,6515,0,3145,-280,0,-40
8.88,6513.6,0,3144.8,-280,0,-40
8.885,6512.2,0,3144.6,-280,0,-40
8.89,6510.8,0,3144.4,-280,0,-40
8.895,6509.4,0,3144.2,-280,0,-40
8.9,6508,0,3144,-280,0,-40
8.905,6506.6,0,3143.8,-280,0,-40
8.91,6505.2,0,3143.6,-280,0,-40
8.915,6503.8,0,3143.4,-280,0,-40
8.92,6502.4,0,3143.2,-280,0,-40
8.925,6501,0,3143,-280,0,-40
8.93,6499.6,0,3142.8,-280,0,-40
8.935,6498.2,0,3142.6,-280,0,-40
8.94,6496.8,0,3142.4,-280,0,-40
8.945,6495.4,0,3142.2,-280,0,-40
8.95,6494,0,3142,-280,0,-40
8.955,6492.6,0,3141.8,-280,0,-40
8.96,6491.2,0,3141.6,-280,0,-40
8.965,6489.8,0,3141.4,-280,0,-40
8.97,6488.4,0,3141.2,-280,0,-40
8.975,6487,0,3141,-280,0,-40
8.98,6485.6,0,3140.8,-280,0,-40
8.985,6484.2,0,3140.6,-280,0,-40
8.99,6482.8,0,3140.4,-280,0,-40
8.995,6481.4,0,3140.2,-280,0,-40
9,6480,0,3140,-280,0,-40
9.005,6478.6,0,3139.8,-280,0,-40
9.01,6477.2,0,3139.6,-280,0,-40
9.015,6475.8,0,3139.4,-280,0,-40
9.02,6474.4,0,3139.2,-280,0,-40
9.025,6473,0,3139,-280,0,-40
9.03,6471.6,0,3138.8,-280,0,-40
9.035,6470.2,0,3138.6,-280,0,-40
9.04,6468.8,0,3138.4,-280,0,-40
9.045,6467.4,0,3138.2,-280,0,-40
9.05,6466,0,3138,-280,0,-40
9.055,6464.6,0,3137.8,-280,0,-40
9.06,6463.2,0,3137.6,-280,0,-40
9.065,6461.8,0,3137.4,-280,0,-40
9.07,6460.4,0,3137.2,-280,0,-40
9.075,6459,0,3137,-280,0,-40
9.08,6457.6,0,3136.8,-280,0,-40
9.085,6456.2,0,3136.6,-280,0,-40
9.09,6454.8,0,3136.4,-280,0,-40
9.095,6453.4,0,3136.2,-280,0,-40
9.1,6452,0,3136,-280,0,-40
9.105,6450.6,0,3135.8,-280,0,-40
9.11,6449.2,0,3135.6,-280,0,-40
9.115,6447.8,0,3135.4,-280,0,-40
9.12,6446.4,0,3135.2,-280,0,-40
9.125,6445,0,3135,-280,0,-40
9.13,6443.6,0,3134.8,-280,0,-40
9.135,6442.2,0,3134.6,-280,0,-40
9.14,6440.8,0,3134.4,-280,0,-40
9.145,6439.4,0,3134.2,-280,0,-40
9.15,6438,0,3134,-280,0,-40
9.155,6436.6,0,3133.8,-280,0,-40
9.16,6435.2,0,3133.6,-280,0,-40
9.165,6433.8,0,3133.4,-280,0,-40
9.17,6432.4,0,3133.2,-280,0,-40
9.175,6431,0,3133,-280,0,-40
9.18,6429.6,0,3132.8,-280,0,-40
9.185,6428.2,0,3132.6,-280,0,-40
9.19,6426.8,0,3132.4,-280,0,-40
9.195,6425.4,0,3132.2,-280,0,-40
9.2,6424,0,3132,-280,0,-40
9.205,6422.6,0,3131.8,-280,0,-40
9.21,6421.2,0,3131.6,-280,0,-40
9.215,6419.8,0,3131.4,-280,0,-40
9.22,6418.4,0,3131.2,-280,0,-40
9.225,6417,0,3131,-280,0,-40
9.23,6415.6,0,3130.8,-280,0,-40
9.235,6414.2,0,3130.6,-280,0,-40
9.24,6412.8,0,3130.4,-280,0,-40
9.245,6411.4,0,3130.2,-280,0,-40
9.25,6410,0,3130,-280,0,-40
9.255,6408.6,0,3129.8,-280,0,-40
9.26,6407.2,0,3129.6,-280,0,-40
9.265,6405.8,0,3129.4,-280,0,-40
9.27,6404.4,0,3129.2,-280,0,-40
9.275,6403,0,3129,-280,0,-40
9.28,6401.6,0,3128.8,-280,0,-40
9.285,6400.2,0,3128.6,-280,0,-40
9.29,6398.8,0,3128.4,-280,0,-40
9.295,6397.4,0,3128.2,-280,0,-40
9.3,6396,0,3128,-280,0,-40
9.305,6394.6,0,3127.8,-280,0,-40
9.31,6393.2,0,3127.6,-280,0,-40
9.315,6391.8,0,3127.4,-280,0,-40
9.32,6390.4,0,3127.2,-280,0,-40
9.325,6389,0,3127,-280,0,-40
9.33,6387.6,0,3126.8,-280,0,-40
9.335,6386.2,0,3126.6,-280,0,-40
9.34,6384.8,0,3126.4,-280,0,-40
9.345,6383.4,0,3126.2,-280,0,-40
9.35,6382,0,3126,-280,0,-40
9.355,6380.6,0,3125.8,-280,0,-40
9.36,6379.2,0,3125.6,-280,0,-40
9.365,6377.8,0,3125.4,-280,0,-40
9.37,6376.4,0,3125.2,-280,0,-40
9.375,6375,0,3125,-280,0,-40
9.38,6373.6,0,3124.8,-280,0,-40
9.385,6372.2,0,3124.6,-280,0,-40
9.39,6370.8,0,3124.4,-280,0,-40
9.395,6369.4,0,3124.2,-280,0,-40
9.4,6368,0,3124,-280,0,-40
9.405,6366.6,0,3123.8,-280,0,-40
9.41,6365.2,0,3123.6,-280,0,-40
9.415,6363.8,0,3123.4,-280,0,-40
9.42,6362.4,0,3123.2,-280,0,-40
9.425,6361,0,3123,-280,0,-40
9.43,6359.6,0,3122.8,-280,0,-40
9.435,6358.2,0,3122.6,-280,0,-40
9.44,6356.8,0,3122.4,-280,0,-40
9.445,6355.4,0,3122.2,-280,0,-40
9.45,6354,0,3122,-280,0,-40
9.455,6352.6,0,3121.8,-280,0,-40
9.46,6351.2,0,3121.6,-280,0,-40
9.465,6349.8,0,3121.4,-280,0,-40
9.47,6348.4,0,3121.2,-280,0,-40
9.475,6347,0,3121,-280,0,-40
9.48,6345.6,0,3120.8,-280,0,-40
9.485,6344.2,0,3120.6,-280,0,-40
9.49,6342.8,0,3120.4,-280,0,-40
9.495,6341.4,0,3120.2,-280,0,-40
9.5,6340,0,3120,-280,0,-40
9.505,6338.6,0,3119.8,-280,0,-40
9.51,6337.2,0,3119.6,-280,0,-40
9.515,6335.8,0,3119.4,-280,0,-40
9.52,6334.4,0,3119.2,-280,0,-40
9.525,6333,0,3119,-280,0,-40
9.53,6331.6,0,3118.8,-280,0,-40
9.535,6330.2,0,3118.6,-280,0,-40
9.54,6328.8,0,3118.4,-280,0,-40
9.545,6327.4,0,3118.2,-280,0,-40
9.55,6326,0,3118,-280,0,-40
9.555,6324.6,0,3117.8,-280,0,-40
9.56,6323.2,0,3117.6,-280,0,-40
9.565,6321.8,0,3117.4,-280,0,-40
9.57,6320.4,0,3117.2,-280,0,-40
9.575,6319,0,3117,-280,0,-40
9.58,6317.6,0,3116.8,-280,0,-40
9.585,6316.2,0,3116.6,-280,0,-40
9.59,6314.8,0,3116.4,-280,0,-40
9.595,6313.4,0,3116.2,-280,0,-40
9.6,6312,0,3116,-280,0,-40
9.605,6310.6,0,3115.8,-280,0,-40
9.61,6309.2,0,3115.6,-280,0,-40
9.615,6307.8,0,3115.4,-280,0,-40
9.62,6306.4,0,3115.2,-280,0,-40
9.625,6305,0,3115,-280,0,-40
9.63,6303.6,0,3114.8,-280,0,-40
9.635,6302.2,0,3114.6,-280,0,-40
9.64,6300.8,0,3114.4,-280,0,-40
9.645,6299.4,0,3114.2,-280,0,-40
9.65,6298,0,3114,-280,0,-40
9.655,6296.6,0,3113.8,-280,0,-40
9.66,6295.2,0,3113.6,-280,0,-40
9.665,6293.8,0,3113.4,-280,0,-40
9.67,6292.4,0,3113.2,-280,0,-40
9.675,6291,0,3113,-280,0,-40
9.68,6289.6,0,3112.8,-280,0,-40
9.685,6288.2,0,3112.6,-280,0,-40
9.69,6286.8,0,3112.4,-280,0,-40
9.695,6285.4,0,3112.2,-280,0,-40
9.7,6284,0,3112,-280,0,-40
9.705,6282.6,0,3111.8,-280,0,-40
9.71,6281.2,0,3111.6,-280,0,-40
9.715,6279.8,0,3111.4,-280,0,-40
9.72,6278.4,0,3111.2,-280,0,-40
9.725,6277,0,3111,-280,0,-40
9.73,6275.6,0,3110.8,-280,0,-40
9.735,6274.2,0,3110.6,-280,0,-40
9.74,6272.8,0,3110.4,-280,0,-40
9.745,6271.4,0,3110.2,-280,0,-40
9.75,6270,0,3110,-280,0,-40
9.755,6268.6,0,3109.8,-280,0,-40
9.76,6267.2,0,3109.6,-280,0,-40
9.765,6265.8,0,3109.4,-280,0,-40
9.77,6264.4,0,3109.2,-280,0,-40
9.775,6263,0,3109,-280,0,-40
9.78,6261.6,0,3108.8,-280,0,-40
9.785,6260.2,0,3108.6,-280,0,-40
9.79,6258.8,0,3108.4,-280,0,-40
9.795,6257.4,0,3108.2,-280,0,-40
9.8,6256,0,3108,-280,0,-40
9.805,6254.6,0,3107.8,-280,0,-40
9.81,6253.2,0,3107.6,-280,0,-40
9.815,6251.8,0,3107.4,-280,0,-40
9.82,6250.4,0,3107.2,-280,0,-40
9.825,6249,0,3107,-280,0,-40
9.83,6247.6,0,3106.8,-280,0,-40
9.835,6246.2,0,3106.6,-280,0,-40
9.84,6244.8,0,3106.4,-280,0,-40
9.845,6243.4,0,3106.2,-280,0,-40
9.85,6242,0,3106,-280,0,-40
9.855,6240.6,0,3105.8,-280,0,-40
9.86,6239.2,0,3105.6,-280,0,-40
9.865,6237.8,0,3105.4,-280,0,-40
9.87,6236.4,0,3105.2,-280,0,-40
9.875,6235,0,3105,-280,0,-40
9.88,6233.6,0,3104.8,-280,0,-40
9.885,6232.2,0,3104.6,-280,0,-40
9.89,6230.8,0,3104.4,-280,0,-40
9.895,6229.4,0,3104.2,-280,0,-40
9.9,6228,0,3104,-280,0,-40
9.905,6226.6,0,3103.8,-280,0,-40
9.91,6225.2,0,3103.6,-280,0,-40
9.915,6223.8,0,3103.4,-280,0,-40
9.92,6222.4,0,3103.2,-280,0,-40
9.925,6221,0,3103,-280,0,-40
9.93,6219.6,0,3102.8,-280,0,-40
9.935,6218.2,0,3102.6,-280,0,-40
9.94,6216.8,0,3102.4,-280,0,-40
9.945,6215.4,0,3102.2,-280,0,-40
9.95,6214,0,3102,-280,0,-40
9.955,6212.6,0,3101.8,-280,0,-40
9.96,6211.2,0,3101.6,-280,0,-40
9.965,6209.8,0,3101.4,-280,0,-40
9.97,6208.4,0,3101.2,-280,0,-40
9.975,6207,0,3101,-280,0,-40
9.98,6205.6,0,3100.8,-280,0,-40
9.985,6204.2,0,3100.6,-280,0,-40
9.99,6202.8,0,3100.4,-280,0,-40
9.995,6201.4,0,3100.2,-280,0,-40
10,6200,0,3100,-280,0,-40
10.005,6198.6,0,3099.8,-280,0,-40
10.01,6197.2,0,3099.6,-280,0,-40
10.015,6195.8,0,3099.4,-280,0,-40
10.02,6194.4,0,3099.2,-280,0,-40
10.025,6193,0,3099,-280,0,-40
10.03,6191.6,0,3098.8,-280,0,-40
10.035,6190.2,0,3098.6,-280,0,-40
10.04,6188.8,0,3098.4,-280,0,-40
10.045,6187.4,0,3098.2,-280,0,-40
10.05,6186,0,3098,-280,0,-40
10.055,6184.6,0,3097.8,-280,0,-40
10.06,6183.2,0,3097.6,-280,0,-40
10.065,6181.8,0,3097.4,-280,0,-40
10.07,6180.4,0,3097.2,-280,0,-40
10.075,6179,0,3097,-280,0,-40
10.08,6177.6,0,3096.8,-280,0,-40
10.085,6176.2,0,3096.6,-280,0,-40
10.09,6174.8,0,3096.4,-280,0,-40
10.095,6173.4,0,3096.2,-280,0,-40
10.1,6172,0,3096,-280,0,-40
10.105,6170.6,0,3095.8,-280,0,-40
10.11,6169.2,0,3095.6,-280,0,-40
10.115,6167.8,0,3095.4,-280,0,-40
10.12,6166.4,0,3095.2,-280,0,-40
10.125,6165,0,3095,-280,0,-40
10.13,6163.6,0,3094.8,-280,0,-40
10.135,6162.2,0,3094.6,-280,0,-40
10.14,6160.8,0,3094.4,-280,0,-40
10.145,6159.4,0,3094.2,-280,0,-40
10.15,6158,0,3094,-280,0,-40
10.155,6156.6,0,3093.8,-280,0,-40
10.16,6155.2,0,3093.6,-280,0,-40
10.165,6153.8,0,3093.4,-280,0,-40
10.17,6152.4,0,3093.2,-280,0,-40
10.175,6151,0,3093,-280,0,-40
10.18,6149.6,0,3092.8,-280,0,-40
10.185,6148.2,0,3092.6,-280,0,-40
10.19,6146.8,0,3092.4,-280,0,-40
10.195,6145.4,0,3092.2,-280,0,-40
10.2,6144,0,3092,-280,0,-40
10.205,6142.6,0,3091.8,-280,0,-40
10.21,6141.2,0,3091.6,-280,0,-40
10.215,6139.8,0,3091.4,-280,0,-40
10.22,6138.4,0,3091.2,-280,0,-40
10.225,6137,0,3091,-280,0,-40
10.23,6135.6,0,3090.8,-280,0,-40
10.235,6134.2,0,3090.6,-280,0,-40
10.24,6132.8,0,3090.4,-280,0,-40
10.245,6131.4,0,3090.2,-280,0,-40
10.25,6130,0,3090,-280,0,-40
10.255,6128.6,0,3089.8,-280,0,-40
10.26,6127.2,0,3089.6,-280,0,-40
10.265,6125.8,0,3089.4,-280,0,-40
10.27,6124.4,0,3089.2,-280,0,-40
10.275,6123,0,3089,-280,0,-40
10.28,6121.6,0,3088.8,-280,0,-40
10.285,6120.2,0,3088.6,-280,0,-40
10.29,6118.8,0,3088.4,-280,0,-40
10.295,6117.4,0,3088.2,-280,0,-40
10.3,6116,0,3088,-280,0,-40
10.305,6114.6,0,3087.8,-280,0,-40
10.31,6113.2,0,3087.6,-280,0,-40
10.315,6111.8,0,3087.4,-280,0,-40
10.32,6110.4,0,3087.2,-280,0,-40
10.325,6109,0,3087,-280,0,-40
10.33,6107.6,0,3086.8,-280,0,-40
10.335,6106.2,0,3086.6,-280,0,-40
10.34,6104.8,0,3086.4,-280,0,-40
10.345,6103.4,0,3086.2,-280,0,-40
10.35,6102,0,3086,-280,0,-40
10.355,6100.6,0,3085.8,-280,0,-40
10.36,6099.2,0,3085.6,-280,0,-40
10.365,6097.8,0,3085.4,-280,0,-40
10.37,6096.4,0,3085.2,-280,0,-40
10.375,6095,0,3085,-280,0,-40
10.38,6093.6,0,3084.8,-280,0,-40
10.385,6092.2,0,3084.6,-280,0,-40
10.39,6090.8,0,3084.4,-280,0,-40
10.395,6089.4,0,3084.2,-280,0,-40
10.4,6088,0,3084,-280,0,-40
10.405,6086.6,0,3083.8,-280,0,-40
10.41,6085.2,0,3083.6,-280,0,-40
10.415,6083.8,0,3083.4,-280,0,-40
10.42,6082.4,0,3083.2,-280,0,-40
10.425,6081,0,3083,-280,0,-40
10.43,6079.6,0,3082.8,-280,0,-40
10.435,6078.2,0,3082.6,-280,0,-40
10.44,6076.8,0,3082.4,-280,0,-40
10.445,6075.4,0,3082.2,-280,0,-40
10.45,6074,0,3082,-280,0,-40
10.455,6072.6,0,3081.8,-280,0,-40
10.46,6071.2,0,3081.6,-280,0,-40
10.465,6069.8,0,3081.4,-280,0,-40
10.47,6068.4,0,3081.2,-280,0,-40
10.475,6067,0,3081,-280,0,-40
10.48,6065.6,0,3080.8,-280,0,-40
10.485,6064.2,0,3080.6,-280,0,-40
10.49,6062.8,0,3080.4,-280,0,-40
10.495,6061.4,0,3080.2,-280,0,-40
10.5,6060,0,3080,-280,0,-40
10.505,6058.6,0,3079.8,-280,0,-40
10.51,6057.2,0,3079.6,-280,0,-40
10.515,6055.8,0,3079.4,-280,0,-40
10.52,6054.4,0,3079.2,-280,0,-40
10.525,6053,0,3079,-280,0,-40
10.53,6051.6,0,3078.8,-280,0,-40
10.535,6050.2,0,3078.6,-280,0,-40
10.54,6048.8,0,3078.4,-280,0,-40
10.545,6047.4,0,3078.2,-280,0,-40
10.55,6046,0,3078,-280,0,-40
10.555,6044.6,0,3077.8,-280,0,-40
10.56,6043.2,0,3077.6,-280,0,-40
10.565,6041.8,0,3077.4,-280,0,-40
10.57,6040.4,0,3077.2,-280,0,-40
10.575,6039,0,3077,-280,0,-40
10.58,6037.6,0,3076.8,-280,0,-40
10.585,6036.2,0,3076.6,-280,0,-40
10.59,6034.8,0,3076.4,-280,0,-40
10.595,6033.4,0,3076.2,-280,0,-40
10.6,6032,0,3076,-280,0,-40
10.605,6030.6,0,3075.8,-280,0,-40
10.61,6029.2,0,3075.6,-280,0,-40
10.615,6027.8,0,3075.4,-280,0,-40
10.62,6026.4,0,3075.2,-280,0,-40
10.625,6025,0,3075,-280,0,-40
10.63,6023.6,0,3074.8,-280,0,-40
10.635,6022.2,0,3074.6,-280,0,-40
10.64,6020.8,0,3074.4,-280,0,-40
10.645,6019.4,0,3074.2,-280,0,-40
10.65,6018,0,3074,-280,0,-40
10.655,6016.6,0,3073.8,-280,0,-40
10.66,6015.2,0,3073.6,-280,0,-40
10.665,6013.8,0,3073.4,-280,0,-40
10.67,6012.4,0,3073.2,-280,0,-40
10.675,6011,0,3073,-280,0,-40
10.68,6009.6,0,3072.8,-280,0,-40
10.685,6008.2,0,3072.6,-280,0,-40
10.69,6006.8,0,3072.4,-280,0,-40
10.695,6005.4,0,3072.2,-280,0,-40
10.7,6004,0,3072,-280,0,-40
10.705,6002.6,0,3071.8,-280,0,-40
10.71,6001.2,0,3071.6,-280,0,-40
10.715,5999.8,0,3071.4,-280,0,-40
10.72,5998.4,0,3071.2,-280,0,-40
10.725,5997,0,3071,-280,0,-40
10.73,5995.6,0,3070.8,-280,0,-40
10.735,5994.2,0,3070.6,-280,0,-40
10.74,5992.8,0,3070.4,-280,0,-40
10.745,5991.4,0,3070.2,-280,0,-40
10.75,5990,0,3070,-280,0,-40
10.755,5988.6,0,3069.8,-280,0,-40
10.76,5987.2,0,3069.6,-280,0,-40
10.765,5985.8,0,3069.4,-280,0,-40
10.77,5984.4,0,3069.2,-280,0,-40
10.775,5983,0,3069,-280,0,-40
10.78,5981.6,0,3068.8,-280,0,-40
10.785,5980.2,0,3068.6,-280,0,-40
10.79,5978.8,0,3068.4,-280,0,-40
10.795,5977.4,0,3068.2,-280,0,-40
10.8,5976,0,3068,-280,0,-40
10.805,5974.6,0,3067.8,-280,0,-40
10.81,5973.2,0,3067.6,-280,0,-40
10.815,5971.8,0,3067.4,-280,0,-40
10.82,5970.4,0,3067.2,-280,0,-40
10.825,5969,0,3067,-280,0,-40
10.83,5967.6,0,3066.8,-280,0,-40
10.835,5966.2,0,3066.6,-280,0,-40
10.84,5964.8,0,3066.4,-280,0,-40
10.845,5963.4,0,3066.2,-280,0,-40
10.85,5962,0,3066,-280,0,-40
10.855,5960.6,0,3065.8,-280,0,-40
10.86,5959.2,0,3065.6,-280,0,-40
10.865,5957.8,0,3065.4,-280,0,-40
10.87,5956.4,0,3065.2,-280,0,-40
10.875,5955,0,3065,-280,0,-40
10.88,5953.6,0,3064.8,-280,0,-40
10.885,5952.2,0,3064.6,-280,0,-40
10.89,5950.8,0,3064.4,-280,0,-40
10.895,5949.4,0,3064.2,-280,0,-40
10.9,5948,0,3064,-280,0,-40
10.905,5946.6,0,3063.8,-280,0,-40
10.91,5945.2,0,3063.6,-280,0,-40
10.915,5943.8,0,3063.4,-280,0,-40
10.92,5942.4,0,3063.2,-280,0,-40
10.925,5941,0,3063,-280,0,-40
10.93,5939.6,0,3062.8,-280,0,-40
10.935,5938.2,0,3062.6,-280,0,-40
10.94,5936.8,0,3062.4,-280,0,-40
10.945,5935.4,0,3062.2,-280,0,-40
10.95,5934,0,3062,-280,0,-40
10.955,5932.6,0,3061.8,-280,0,-40
10.96,5931.2,0,3061.6,-280,0,-40
10.965,5929.8,0,3061.4,-280,0,-40
10.97,5928.4,0,3061.2,-280,0,-40
10.975,5927,0,3061,-280,0,-40
10.98,5925.6,0,3060.8,-280,0,-40
10.985,5924.2,0,3060.6,-280,0,-40
10.99,5922.8,0,3060.4,-280,0,-40
10.995,5921.4,0,3060.2,-280,0,-40
11,5920,0,3060,-280,0,-40
11.005,5918.6,0,3059.8,-280,0,-40
11.01,5917.2,0,3059.6,-280,0,-40
11.015,5915.8,0,3059.4,-280,0,-40
11.02,5914.4,0,3059.2,-280,0,-40
11.025,5913,0,3059,-280,0,-40
11.03,5911.6,0,3058.8,-280,0,-40
11.035,5910.2,0,3058.6,-280,0,-40
11.04,5908.8,0,3058.4,-280,0,-40
11.045,5907.4,0,3058.2,-280,0,-40
11.05,5906,0,3058,-280,0,-40
11.055,5904.6,0,3057.8,-280,0,-40
11.06,5903.2,0,3057.6,-280,0,-40
11.065,5901.8,0,3057.4,-280,0,-40
11.07,5900.4,0,3057.2,-280,0,-40
11.075,5899,0,3057,-280,0,-40
11.08,5897.6,0,3056.8,-280,0,-40
11.085,5896.2,0,3056.6,-280,0,-40
11.09,5894.8,0,3056.4,-280,0,-40
11.095,5893.4,0,3056.2,-280,0,-40
11.1,5892,0,3056,-280,0,-40
11.105,5890.6,0,3055.8,-280,0,-40
11.11,5889.2,0,3055.6,-280,0,-40
11.115,5887.8,0,3055.4,-280,0,-40
11.12,5886.4,0,3055.2,-280,0,-40
11.125,5885,0,3055,-280,0,-40
11.13,5883.6,0,3054.8,-280,0,-40
11.135,5882.2,0,3054.6,-280,0,-40
11.14,5880.8,0,3054.4,-280,0,-40
11.145,5879.4,0,3054.2,-280,0,-40
11.15,5878,0,3054,-280,0,-40
11.155,5876.6,0,3053.8,-280,0,-40
11.16,5875.2,0,3053.6,-280,0,-40
11.165,5873.8,0,3053.4,-280,0,-40
11.17,5872.4,0,3053.2,-280,0,-40
11.175,5871,0,3053,-280,0,-40
11.18,5869.6,0,3052.8,-280,0,-40
11.185,5868.2,0,3052.6,-280,0,-40
11.19,5866.8,0,3052.4,-280,0,-40
11.195,5865.4,0,3052.2,-280,0,-40
11.2,5864,0,3052,-280,0,-40
11.205,5862.6,0,3051.8,-280,0,-40
11.21,5861.2,0,3051.6,-280,0,-40
11.215,5859.8,0,3051.4,-280,0,-40
11.22,5858.4,0,3051.2,-280,0,-40
11.225,5857,0,3051,-280,0,-40
11.23,5855.6,0,3050.8,-280,0,-40
11.235,5854.2,0,3050.6,-280,0,-40
11.24,5852.8,0,3050.4,-280,0,-40
11.245,5851.4,0,3050.2,-280,0,-40
11.25,5850,0,3050,-280,0,-40
11.255,5848.6,0,3049.8,-280,0,-40
11.26,5847.2,0,3049.6,-280,0,-40
11.265,5845.8,0,3049.4,-280,0,-40
11.27,5844.4,0,3049.2,-280,0,-40
11.275,5843,0,3049,-280,0,-40
11.28,5841.6,0,3048.8,-280,0,-40
11.285,5840.2,0,3048.6,-280,0,-40
11.29,5838.8,0,3048.4,-280,0,-40
11.295,5837.4,0,3048.2,-280,0,-40
11.3,5836,0,3048,-280,0,-40
11.305,5834.6,0,3047.8,-280,0,-40
11.31,5833.2,0,3047.6,-280,0,-40
11.315,5831.8,0,3047.4,-280,0,-40
11.32,5830.4,0,3047.2,-280,0,-40
11.325,5829,0,3047,-280,0,-40
11.33,5827.6,0,3046.8,-280,0,-40
11.335,5826.2,0,3046.6,-280,0,-40
11.34,5824.8,0,3046.4,-280,0,-40
11.345,5823.4,0,3046.2,-280,0,-40
11.35,5822,0,3046,-280,0,-40
11.355,5820.6,0,3045.8,-280,0,-40
11.36,5819.2,0,3045.6,-280,0,-40
11.365,5817.8,0,3045.4,-280,0,-40
11.37,5816.4,0,3045.2,-280,0,-40
11.375,5815,0,3045,-280,0,-40
11.38,5813.6,0,3044.8,-280,0,-40
11.385,5812.2,0,3044.6,-280,0,-40
11.39,5810.8,0,3044.4,-280,0,-40
11.395,5809.4,0,3044.2,-280,0,-40
11.4,5808,0,3044,-280,0,-40
11.405,5806.6,0,3043.8,-280,0,-40
11.41,5805.2,0,3043.6,-280,0,-40
11.415,5803.8,0,3043.4,-280,0,-40
11.42,5802.4,0,3043.2,-280,0,-40
11.425,5801,0,3043,-280,0,-40
11.43,5799.6,0,3042.8,-280,0,-40
11.435,5798.2,0,3042.6,-280,0,-40
11.44,5796.8,0,3042.4,-280,0,-40
11.445,5795.4,0,3042.2,-280,0,-40
11.45,5794,0,3042,-280,0,-40
11.455,5792.6,0,3041.8,-280,0,-40
11.46,5791.2,0,3041.6,-280,0,-40
11.465,5789.8,0,3041.4,-280,0,-40
11.47,5788.4,0,3041.2,-280,0,-40
11.475,5787,0,3041,-280,0,-40
11.48,5785.6,0,3040.8,-280,0,-40
11.485,5784.2,0,3040.6,-280,0,-40
11.49,5782.8,0,3040.4,-280,0,-40
11.495,5781.4,0,3040.2,-280,0,-40
11.5,5780,0,3040,-280,0,-40
11.505,5778.6,0,3039.8,-280,0,-40
11.51,5777.2,0,3039.6,-280,0,-40
11.515,5775.8,0,3039.4,-280,0,-40
11.52,5774.4,0,3039.2,-280,0,-40
11.525,5773,0,3039,-280,0,-40
11.53,5771.6,0,3038.8,-280,0,-40
11.535,5770.2,0,3038.6,-280,0,-40
11.54,5768.8,0,3038.4,-280,0,-40
11.545,5767.4,0,3038.2,-280,0,-40
11.55,5766,0,3038,-280,0,-40
11.555,5764.6,0,3037.8,-280,0,-40
11.56,5763.2,0,3037.6,-280,0,-40
11.565,5761.8,0,3037.4,-280,0,-40
11.57,5760.4,0,3037.2,-280,0,-40
11.575,5759,0,3037,-280,0,-40
11.58,5757.6,0,3036.8,-280,0,-40
11.585,5756.2,0,3036.6,-280,0,-40
11.59,5754.8,0,3036.4,-280,0,-40
11.595,5753.4,0,3036.2,-280,0,-40
11.6,5752,0,3036,-280,0,-40
11.605,5750.6,0,3035.8,-280,0,-40
11.61,5749.2,0,3035.6,-280,0,-40
11.615,5747.8,0,3035.4,-280,0,-40
11.62,5746.4,0,3035.2,-280,0,-40
11.625,5745,0,3035,-280,0,-40
11.63,5743.6,0,3034.8,-280,0,-40
11.635,5742.2,0,3034.6,-280,0,-40
11.64,5740.8,0,3034.4,-280,0,-40
11.645,5739.4,0,3034.2,-280,0,-40
11.65,5738,0,3034,-280,0,-40
11.655,5736.6,0,3033.8,-280,0,-40
11.66,5735.2,0,3033.6,-280,0,-40
11.665,5733.8,0,3033.4,-280,0,-40
11.67,5732.4,0,3033.2,-280,0,-40
11.675,5731,0,3033,-280,0,-40
11.68,5729.6,0,3032.8,-280,0,-40
11.685,5728.2,0,3032.6,-280,0,-40
11.69,5726.8,0,3032.4,-280,0,-40
11.695,5725.4,0,3032.2,-280,0,-40
11.7,5724,0,3032,-280,0,-40
11.705,5722.6,0,3031.8,-280,0,-40
11.71,5721.2,0,3031.6,-280,0,-40
11.715,5719.8,0,3031.4,-280,0,-40
11.72,5718.4,0,3031.2,-280,0,-40
11.725,5717,0,3031,-280,0,-40
11.73,5715.6,0,3030.8,-280,0,-40
11.735,5714.2,0,3030.6,-280,0,-40
11.74,5712.8,0,3030.4,-280,0,-40
11.745,5711.4,0,3030.2,-280,0,-40
11.75,5710,0,3030,-280,0,-40
11.755,5708.6,0,3029.8,-280,0,-40
11.76,5707.2,0,3029.6,-280,0,-40
11.765,5705.8,0,3029.4,-280,0,-40
11.77,5704.4,0,3029.2,-280,0,-40
11.775,5703,0,3029,-280,0,-40
11.78,5701.6,0,3028.8,-280,0,-40
11.785,5700.2,0,3028.6,-280,0,-40
11.79,5698.8,0,3028.4,-280,0,-40
11.795,5697.4,0,3028.2,-280,0,-40
11.8,5696,0,3028,-280,0,-40
11.805,5694.6,0,3027.8,-280,0,-40
11.81,5693.2,0,3027.6,-280,0,-40
11.815,5691.8,0,3027.4,-280,0,-40
11.82,5690.4,0,3027.2,-280,0,-40
11.825,5689,0,3027,-280,0,-40
11.83,5687.6,0,3026.8,-280,0,-40
11.835,5686.2,0,3026.6,-280,0,-40
11.84,5684.8,0,3026.4,-280,0,-40
11.845,5683.4,0,3026.2,-280,0,-40
11.85,5682,0,3026,-280,0,-40
11.855,5680.6,0,3025.8,-280,0,-40
11.86,5679.2,0,3025.6,-280,0,-40
11.865,5677.8,0,3025.4,-280,0,-40
11.87,5676.4,0,3025.2,-280,0,-40
11.875,5675,0,3025,-280,0,-40
11.88,5673.6,0,3024.8,-280,0,-40
11.885,5672.2,0,3024.6,-280,0,-40
11.89,5670.8,0,3024.4,-280,0,-40
11.895,5669.4,0,3024.2,-280,0,-40
11.9,5668,0,3024,-280,0,-40
11.905,5666.6,0,3023.8,-280,0,-40
11.91,5665.2,0,3023.6,-280,0,-40
11.915,5663.8,0,3023.4,-280,0,-40
11.92,5662.4,0,3023.2,-280,0,-40
11.925,5661,0,3023,-280,0,-40
11.93,5659.6,0,3022.8,-280,0,-40
11.935,5658.2,0,3022.6,-280,0,-40
11.94,5656.8,0,3022.4,-280,0,-40
11.945,5655.4,0,3022.2,-280,0,-40
11.95,5654,0,3022,-280,0,-40
11.955,5652.6,0,3021.8,-280,0,-40
11.96,5651.2,0,3021.6,-280,0,-40
11.965,5649.8,0,3021.4,-280,0,-40
11.97,5648.4,0,3021.2,-280,0,-40
11.975,5647,0,3021,-280,0,-40
11.98,5645.6,0,3020.8,-280,0,-40
11.985,5644.2,0,3020.6,-280,0,-40
11.99,5642.8,0,3020.4,-280,0,-40
11.995,5641.4,0,3020.2,-280,0,-40
12,5640,0,3020,-280,0,-40
12.005,5638.6,0,3019.8,-280,0,-40
12.01,5637.2,0,3019.6,-280,0,-40
12.015,5635.8,0,3019.4,-280,0,-40
12.02,5634.4,0,3019.2,-280,0,-40
12.025,5633,0,3019,-280,0,-40
12.03,5631.6,0,3018.8,-280,0,-40
12.035,5630.2,0,3018.6,-280,0,-40
12.04,5628.8,0,3018.4,-280,0,-40
12.045,5627.4,0,3018.2,-280,0,-40
12.05,5626,0,3018,-280,0,-40
12.055,5624.6,0,3017.8,-280,0,-40
12.06,5623.2,0,3017.6,-280,0,-40
12.065,5621.8,0,3017.4,-280,0,-40
12.07,5620.4,0,3017.2,-280,0,-40
12.075,5619,0,3017,-280,0,-40
12.08,5617.6,0,3016.8,-280,0,-40
12.085,5616.2,0,3016.6,-280,0,-40
12.09,5614.8,0,3016.4,-280,0,-40
12.095,5613.4,0,3016.2,-280,0,-40
12.1,5612,0,3016,-280,0,-40
12.105,5610.6,0,3015.8,-280,0,-40
12.11,5609.2,0,3015.6,-280,0,-40
12.115,5607.8,0,3015.4,-280,0,-40
12.12,5606.4,0,3015.2,-280,0,-40
12.125,5605,0,3015,-280,0,-40
12.13,5603.6,0,3014.8,-280,0,-40
12.135,5602.2,0,3014.6,-280,0,-40
12.14,5600.8,0,3014.4,-280,0,-40
12.145,5599.4,0,3014.2,-280,0,-40
12.15,5598,0,3014,-280,0,-40
12.155,5596.6,0,3013.8,-280,0,-40
12.16,5595.2,0,3013.6,-280,0,-40
12.165,5593.8,0,3013.4,-280,0,-40
12.17,5592.4,0,3013.2,-280,0,-40
12.175,5591,0,3013,-280,0,-40
12.18,5589.6,0,3012.8,-280,0,-40
12.185,5588.2,0,3012.6,-280,0,-40
12.19,5586.8,0,3012.4,-280,0,-40
12.195,5585.4,0,3012.2,-280,0,-40
12.2,5584,0,3012,-280,0,-40
12.205,5582.6,0,3011.8,-280,0,-40
12.21,5581.2,0,3011.6,-280,0,-40
12.215,5579.8,0,3011.4,-280,0,-40
12.22,5578.4,0,3011.2,-280,0,-40
12.225,5577,0,3011,-280,0,-40
12.23,5575.6,0,3010.8,-280,0,-40
12.235,5574.2,0,3010.6,-280,0,-40
12.24,5572.8,0,3010.4,-280,0,-40
12.245,5571.4,0,3010.2,-280,0,-40
12.25,5570,0,3010,-280,0,-40
12.255,5568.6,0,3009.8,-280,0,-40
12.26,5567.2,0,3009.6,-280,0,-40
12.265,5565.8,0,3009.4,-280,0,-40
12.27,5564.4,0,3009.2,-280,0,-40
12.275,5563,0,3009,-280,0,-40
12.28,5561.6,0,3008.8,-280,0,-40
12.285,5560.2,0,3008.6,-280,0,-40
12.29,5558.8,0,3008.4,-280,0,-40
12.295,5557.4,0,3008.2,-280,0,-40
12.3,5556,0,3008,-280,0,-40
12.305,5554.6,0,3007.8,-280,0,-40
12.31,5553.2,0,3007.6,-280,0,-40
12.315,5551.8,0,3007.4,-280,0,-40
12.32,5550.4,0,3007.2,-280,0,-40
12.325,5549,0,3007,-280,0,-40
12.33,5547.6,0,3006.8,-280,0,-40
12.335,5546.2,0,3006.6,-280,0,-40
12.34,5544.8,0,3006.4,-280,0,-40
12.345,5543.4,0,3006.2,-280,0,-40
12.35,5542,0,3006,-280,0,-40
12.355,5540.6,0,3005.8,-280,0,-40
12.36,5539.2,0,3005.6,-280,0,-40
12.365,5537.8,0,3005.4,-280,0,-40
12.37,5536.4,0,3005.2,-280,0,-40
12.375,5535,0,3005,-280,0,-40
12.38,5533.6,0,3004.8,-280,0,-40
12.385,5532.2,0,3004.6,-280,0,-40
12.39,5530.8,0,3004.4,-280,0,-40
12.395,5529.4,0,3004.2,-280,0,-40
12.4,5528,0,3004,-280,0,-40
12.405,5526.6,0,3003.8,-280,0,-40
12.41,5525.2,0,3003.6,-280,0,-40
12.415,5523.8,0,3003.4,-280,0,-40
12.42,5522.4,0,3003.2,-280,0,-40
12.425,5521,0,3003,-280,0,-40
12.43,5519.6,0,3002.8,-280,0,-40
12.435,5518.2,0,3002.6,-280,0,-40
12.44,5516.8,0,3002.4,-280,0,-40
12.445,5515.4,0,3002.2,-280,0,-40
12.45,5514,0,3002,-280,0,-40
12.455,5512.6,0,3001.8,-280,0,-40
12.46,5511.2,0,3001.6,-280,0,-40
12.465,5509.8,0,3001.4,-280,0,-40
12.47,5508.4,0,3001.2,-280,0,-40
12.475,5507,0,3001,-280,0,-40
12.48,5505.6,0,3000.8,-280,0,-40
12.485,5504.2,0,3000.6,-280,0,-40
12.49,5502.8,0,3000.4,-280,0,-40
12.495,5501.4,0,3000.2,-280,0,-40
12.5,5500,0,3000,-280,0,-40
12.505,5498.6,0,2999.8,-280,0,-40
12.51,5497.2,0,2999.6,-280,0,-40
12.515,5495.8,0,2999.4,-280,0,-40
12.52,5494.4,0,2999.2,-280,0,-40
12.525,5493,0,2999,-280,0,-40
12.53,5491.6,0,2998.8,-280,0,-40
12.535,5490.2,0,2998.6,-280,0,-40
12.54,5488.8,0,2998.4,-280,0,-40
12.545,5487.4,0,2998.2,-280,0,-40
12.55,5486,0,2998,-280,0,-40
12.555,5484.6,0,2997.8,-280,0,-40
12.56,5483.2,0,2997.6,-280,0,-40
12.565,5481.8,0,2997.4,-280,0,-40
12.57,5480.4,0,2997.2,-280,0,-40
12.575,5479,0,2997,-280,0,-40
12.58,5477.6,0,2996.8,-280,0,-40
12.585,5476.2,0,2996.6,-280,0,-40
12.59,5474.8,0,2996.4,-280,0,-40
12.595,5473.4,0,2996.2,-280,0,-40
12.6,5472,0,2996,-280,0,-40
12.605,5470.6,0,2995.8,-280,0,-40
12.61,5469.2,0,2995.6,-280,0,-40
12.615,5467.8,0,2995.4,-280,0,-40
12.62,5466.4,0,2995.2,-280,0,-40
12.625,5465,0,2995,-280,0,-40
12.63,5463.6,0,2994.8,-280,0,-40
12.635,5462.2,0,2994.6,-280,0,-40
12.64,5460.8,0,2994.4,-280,0,-40
12.645,5459.4,0,2994.2,-280,0,-40
12.65,5458,0,2994,-280,0,-40
12.655,5456.6,0,2993.8,-280,0,-40
12.66,5455.2,0,2993.6,-280,0,-40
12.665,5453.8,0,2993.4,-280,0,-40
12.67,5452.4,0,2993.2,-280,0,-40
12.675,5451,0,2993,-280,0,-40
12.68,5449.6,0,2992.8,-280,0,-40
12.685,5448.2,0,2992.6,-280,0,-40
12.69,5446.8,0,2992.4,-280,0,-40
12.695,5445.4,0,2992.2,-280,0,-40
12.7,5444,0,2992,-280,0,-40
12.705,5442.6,0,2991.8,-280,0,-40
12.71,5441.2,0,2991.6,-280,0,-40
12.715,5439.8,0,2991.4,-280,0,-40
12.72,5438.4,0,2991.2,-280,0,-40
12.725,5437,0,2991,-280,0,-40
12.73,5435.6,0,2990.8,-280,0,-40
12.735,5434.2,0,2990.6,-280,0,-40
12.74,5432.8,0,2990.4,-280,0,-40
12.745,5431.4,0,2990.2,-280,0,-40
12.75,5430,0,2990,-280,0,-40
12.755,5428.6,0,2989.8,-280,0,-40
12.76,5427.2,0,2989.6,-280,0,-40
12.765,5425.8,0,2989.4,-280,0,-40
12.77,5424.4,0,2989.2,-280,0,-40
12.775,5423,0,2989,-280,0,-40
12.78,5421.6,0,2988.8,-280,0,-40
12.785,5420.2,0,2988.6,-280,0,-40
12.79,5418.8,0,2988.4,-280,0,-40
12.795,5417.4,0,2988.2,-280,0,-40
12.8,5416,0,2988,-280,0,-40
12.805,5414.6,0,2987.8,-280,0,-40
12.81,5413.2,0,2987.6,-280,0,-40
12.815,5411.8,0,2987.4,-280,0,-40
12.82,5410.4,0,2987.2,-280,0,-40
12.825,5409,0,2987,-280,0,-40
12.83,5407.6,0,2986.8,-280,0,-40
12.835,5406.2,0,2986.6,-280,0,-40
12.84,5404.8,0,2986.4,-280,0,-40
12.845,5403.4,0,2986.2,-280,0,-40
12.85,5402,0,2986,-280,0,-40
12.855,5400.6,0,2985.8,-280,0,-40
12.86,5399.2,0,2985.6,-280,0,-40
12.865,5397.8,0,2985.4,-280,0,-40
12.87,5396.4,0,2985.2,-280,0,-40
12.875,5395,0,2985,-280,0,-40
12.88,5393.6,0,2984.8,-280,0,-40
12.885,5392.2,0,2984.6,-280,0,-40
12.89,5390.8,0,2984.4,-280,0,-40
12.895,5389.4,0,2984.2,-280,0,-40
12.9,5388,0,2984,-280,0,-40
12.905,5386.6,0,2983.8,-280,0,-40
12.91,5385.2,0,2983.6,-280,0,-40
12.915,5383.8,0,2983.4,-280,0,-40
12.92,5382.4,0,2983.2,-280,0,-40
12.925,5381,0,2983,-280,0,-40
12.93,5379.6,0,2982.8,-280,0,-40
12.935,5378.2,0,2982.6,-280,0,-40
12.94,5376.8,0,2982.4,-280,0,-40
12.945,5375.4,0,2982.2,-280,0,-40
12.95,5374,0,2982,-280,0,-40
12.955,5372.6,0,2981.8,-280,0,-40
12.96,5371.2,0,2981.6,-280,0,-40
12.965,5369.8,0,2981.4,-280,0,-40
12.97,5368.4,0,2981.2,-280,0,-40
12.975,5367,0,2981,-280,0,-40
12.98,5365.6,0,2980.8,-280,0,-40
12.985,5364.2,0,2980.6,-280,0,-40
12.99,5362.8,0,2980.4,-280,0,-40
12.995,5361.4,0,2980.2,-280,0,-40
13,5360,0,2980,-280,0,-40
13.005,5358.6,0,2979.8,-280,0,-40
13.01,5357.2,0,2979.6,-280,0,-40
13.015,5355.8,0,2979.4,-280,0,-40
13.02,5354.4,0,2979.2,-280,0,-40
13.025,5353,0,2979,-280,0,-40
13.03,5351.6,0,2978.8,-280,0,-40
13.035,5350.2,0,2978.6,-280,0,-40
13.04,5348.8,0,2978.4,-280,0,-40
13.045,5347.4,0,2978.2,-280,0,-40
13.05,5346,0,2978,-280,0,-40
13.055,5344.6,0,2977.8,-280,0,-40
13.06,5343.2,0,2977.6,-280,0,-40
13.065,5341.8,0,2977.4,-280,0,-40
13.07,5340.4,0,2977.2,-280,0,-40
13.075,5339,0,2977,-280,0,-40
13.08,5337.6,0,2976.8,-280,0,-40
13.085,5336.2,0,2976.6,-280,0,-40
13.09,5334.8,0,2976.4,-280,0,-40
13.095,5333.4,0,2976.2,-280,0,-40
13.1,5332,0,2976,-280,0,-40
13.105,5330.6,0,2975.8,-280,0,-40
13.11,5329.2,0,2975.6,-280,0,-40
13.115,5327.8,0,2975.4,-280,0,-40
13.12,5326.4,0,2975.2,-280,0,-40
13.125,5325,0,2975,-280,0,-40
13.13,5323.6,0,2974.8,-280,0,-40
13.135,5322.2,0,2974.6,-280,0,-40
13.14,5320.8,0,2974.4,-280,0,-40
13.145,5319.4,0,2974.2,-280,0,-40
13.15,5318,0,2974,-280,0,-40
13.155,5316.6,0,2973.8,-280,0,-40
13.16,5315.2,0,2973.6,-280,0,-40
13.165,5313.8,0,2973.4,-280,0,-40
13.17,5312.4,0,2973.2,-280,0,-40
13.175,5311,0,2973,-280,0,-40
13.18,5309.6,0,2972.8,-280,0,-40
13.185,5308.2,0,2972.6,-280,0,-40
13.19,5306.8,0,2972.4,-280,0,-40
13.195,5305.4,0,2972.2,-280,0,-40
13.2,5304,0,2972,-280,0,-40
13.205,5302.6,0,2971.8,-280,0,-40
13.21,5301.2,0,2971.6,-280,0,-40
13.215,5299.8,0,2971.4,-280,0,-40
13.22,5298.4,0,2971.2,-280,0,-40
13.225,5297,0,2971,-280,0,-40
13.23,5295.6,0,2970.8,-280,0,-40
13.235,5294.2,0,2970.6,-280,0,-40
13.24,5292.8,0,2970.4,-280,0,-40
13.245,5291.4,0,2970.2,-280,0,-40
13.25,5290,0,2970,-280,0,-40
13.255,5288.6,0,2969.8,-280,0,-40
13.26,5287.2,0,2969.6,-280,0,-40
13.265,5285.8,0,2969.4,-280,0,-40
13.27,5284.4,0,2969.2,-280,0,-40
13.275,5283,0,2969,-280,0,-40
13.28,5281.6,0,2968.8,-280,0,-40
13.285,5280.2,0,2968.6,-280,0,-40
13.29,5278.8,0,2968.4,-280,0,-40
13.295,5277.4,0,2968.2,-280,0,-40
13.3,5276,0,2968,-280,0,-40
13.305,5274.6,0,2967.8,-280,0,-40
13.31,5273.2,0,2967.6,-280,0,-40
13.315,5271.8,0,2967.4,-280,0,-40
13.32,5270.4,0,2967.2,-280,0,-40
13.325,5269,0,2967,-280,0,-40
13.33,5267.6,0,2966.8,-280,0,-40
13.335,5266.2,0,2966.6,-280,0,-40
13.34,5264.8,0,2966.4,-280,0,-40
13.345,5263.4,0,2966.2,-280,0,-40
13.35,5262,0,2966,-280,0,-40
13.355,5260.6,0,2965.8,-280,0,-40
13.36,5259.2,0,2965.6,-280,0,-40
13.365,5257.8,0,2965.4,-280,0,-40
13.37,5256.4,0,2965.2,-280,0,-40
13.375,5255,0,2965,-280,0,-40
13.38,5253.6,0,2964.8,-280,0,-40
13.385,5252.2,0,2964.6,-280,0,-40
13.39,5250.8,0,2964.4,-280,0,-40
13.395,5249.4,0,2964.2,-280,0,-40
13.4,5248,0,2964,-280,0,-40
13.405,5246.6,0,2963.8,-280,0,-40
13.41,5245.2,0,2963.6,-280,0,-40
13.415,5243.8,0,2963.4,-280,0,-40
13.42,5242.4,0,2963.2,-280,0,-40
13.425,5241,0,2963,-280,0,-40
13.43,5239.6,0,2962.8,-280,0,-40
13.435,5238.2,0,2962.6,-280,0,-40
13.44,5236.8,0,2962.4,-280,0,-40
13.445,5235.4,0,2962.2,-280,0,-40
13.45,5234,0,2962,-280,0,-40
13.455,5232.6,0,2961.8,-280,0,-40
13.46,5231.2,0,2961.6,-280,0,-40
13.465,5229.8,0,2961.4,-280,0,-40
13.47,5228.4,0,2961.2,-280,0,-40
13.475,5227,0,2961,-280,0,-40
13.48,5225.6,0,2960.8,-280,0,-40
13.485,5224.2,0,2960.6,-280,0,-40
13.49,5222.8,0,2960.4,-280,0,-40
13.495,5221.4,0,2960.2,-280,0,-40
13.5,5220,0,2960,-280,0,-40
13.505,5218.6,0,2959.8,-280,0,-40
13.51,5217.2,0,2959.6,-280,0,-40
13.515,5215.8,0,2959.4,-280,0,-40
13.52,5214.4,0,2959.2,-280,0,-40
13.525,5213,0,2959,-280,0,-40
13.53,5211.6,0,2958.8,-280,0,-40
13.535,5210.2,0,2958.6,-280,0,-40
13.54,5208.8,0,2958.4,-280,0,-40
13.545,5207.4,0,2958.2,-280,0,-40
13.55,5206,0,2958,-280,0,-40
13.555,5204.6,0,2957.8,-280,0,-40
13.56,5203.2,0,2957.6,-280,0,-40
13.565,5201.8,0,2957.4,-280,0,-40
13.57,5200.4,0,2957.2,-280,0,-40
13.575,5199,0,2957,-280,0,-40
13.58,5197.6,0,2956.8,-280,0,-40
13.585,5196.2,0,2956.6,-280,0,-40
13.59,5194.8,0,2956.4,-280,0,-40
13.595,5193.4,0,2956.2,-280,0,-40
13.6,5192,0,2956,-280,0,-40
13.605,5190.6,0,2955.8,-280,0,-40
13.61,5189.2,0,2955.6,-280,0,-40
13.615,5187.8,0,2955.4,-280,0,-40
13.62,5186.4,0,2955.2,-280,0,-40
13.625,5185,0,2955,-280,0,-40
13.63,5183.6,0,2954.8,-280,0,-40
13.635,5182.2,0,2954.6,-280,0,-40
13.64,5180.8,0,2954.4,-280,0,-40
13.645,5179.4,0,2954.2,-280,0,-40
13.65,5178,0,2954,-280,0,-40
13.655,5176.6,0,2953.8,-280,0,-40
13.66,5175.2,0,2953.6,-280,0,-40
13.665,5173.8,0,2953.4,-280,0,-40
13.67,5172.4,0,2953.2,-280,0,-40
13.675,5171,0,2953,-280,0,-40
13.68,5169.6,0,2952.8,-280,0,-40
13.685,5168.2,0,2952.6,-280,0,-40
13.69,5166.8,0,2952.4,-280,0,-40
13.695,5165.4,0,2952.2,-280,0,-40
13.7,5164,0,2952,-280,0,-40
13.705,5162.6,0,2951.8,-280,0,-40
13.71,5161.2,0,2951.6,-280,0,-40
13.715,5159.8,0,2951.4,-280,0,-40
13.72,5158.4,0,2951.2,-280,0,-40
13.725,5157,0,2951,-280,0,-40
13.73,5155.6,0,2950.8,-280,0,-40
13.735,5154.2,0,2950.6,-280,0,-40
13.74,5152.8,0,2950.4,-280,0,-40
13.745,5151.4,0,2950.2,-280,0,-40
13.75,5150,0,2950,-280,0,-40
13.755,5148.6,0,2949.8,-280,0,-40
13.76,5147.2,0,2949.6,-280,0,-40
13.765,5145.8,0,2949.4,-280,0,-40
13.77,5144.4,0,2949.2,-280,0,-40
13.775,5143,0,2949,-280,0,-40
13.78,5141.6,0,2948.8,-280,0,-40
13.785,5140.2,0,2948.6,-280,0,-40
13.79,5138.8,0,2948.4,-280,0,-40
13.795,5137.4,0,2948.2,-280,0,-40
13.8,5136,0,2948,-280,0,-40
13.805,5134.6,0,2947.8,-280,0,-40
13.81,5133.2,0,2947.6,-280,0,-40
13.815,5131.8,0,2947.4,-280,0,-40
13.82,5130.4,0,2947.2,-280,0,-40
13.825,5129,0,2947,-280,0,-40
13.83,5127.6,0,2946.8,-280,0,-40
13.835,5126.2,0,2946.6,-280,0,-40
13.84,5124.8,0,2946.4,-280,0,-40
13.845,5123.4,0,2946.2,-280,0,-40
13.85,5122,0,2946,-280,0,-40
13.855,5120.6,0,2945.8,-280,0,-40
13.86,5119.2,0,2945.6,-280,0,-40
13.865,5117.8,0,2945.4,-280,0,-40
13.87,5116.4,0,2945.2,-280,0,-40
13.875,5115,0,2945,-280,0,-40
13.88,5113.6,0,2944.8,-280,0,-40
13.885,5112.2,0,2944.6,-280,0,-40
13.89,5110.8,0,2944.4,-280,0,-40
13.895,5109.4,0,2944.2,-280,0,-40
13.9,5108,0,2944,-280,0,-40
13.905,5106.6,0,2943.8,-280,0,-40
13.91,5105.2,0,2943.6,-280,0,-40
13.915,5103.8,0,2943.4,-280,0,-40
13.92,5102.4,0,2943.2,-280,0,-40
13.925,5101,0,2943,-280,0,-40
13.93,5099.6,0,2942.8,-280,0,-40
13.935,5098.2,0,2942.6,-280,0,-40
13.94,5096.8,0,2942.4,-280,0,-40
13.945,5095.4,0,2942.2,-280,0,-40
13.95,5094,0,2942,-280,0,-40
13.955,5092.6,0,2941.8,-280,0,-40
13.96,5091.2,0,2941.6,-280,0,-40
13.965,5089.8,0,2941.4,-280,0,-40
13.97,5088.4,0,2941.2,-280,0,-40
13.975,5087,0,2941,-280,0,-40
13.98,5085.6,0,2940.8,-280,0,-40
13.985,5084.2,0,2940.6,-280,0,-40
13.99,5082.8,0,2940.4,-280,0,-40
13.995,5081.4,0,2940.2,-280,0,-40
14,5080,0,2940,-280,0,-40
14.005,5078.6,0,2939.8,-280,0,-40
14.01,5077.2,0,2939.6,-280,0,-40
14.015,5075.8,0,2939.4,-280,0,-40
14.02,5074.4,0,2939.2,-280,0,-40
14.025,5073,0,2939,-280,0,-40
