t,track_x,track_y,track_z,tgt_x,tgt_y,tgt_z,track_nis
0,0,0,0,9000,0,3500,0
0.005,0,0,0,8998.6,0,3499.8,0
0.01,0,0,0,8997.2,0,3499.6,0
0.015,0,0,0,8995.8,0,3499.4,0
0.02,0,0,0,8994.4,0,3499.2,0
0.025,0,0,0,8993,0,3499,0
0.03,0,0,0,8991.6,0,3498.8,0
0.035,0,0,0,8990.2,0,3498.6,0
0.04,0,0,0,8988.8,0,3498.4,0
0.045,0,0,0,8987.4,0,3498.2,0
0.05,0,0,0,8986,0,3498,0
0.055,0,0,0,8984.6,0,3497.8,0
0.06,0,0,0,8983.2,0,3497.6,0
0.065,0,0,0,8981.8,0,3497.4,0
0.07,0,0,0,8980.4,0,3497.2,0
0.075,0,0,0,8979,0,3497,0
0.08,0,0,0,8977.6,0,3496.8,0
0.085,0,0,0,8976.2,0,3496.6,0
0.09,0,0,0,8974.8,0,3496.4,0
0.095,0,0,0,8973.4,0,3496.2,0
0.1,0,0,0,8972,0,3496,0
0.105,0,0,0,8970.6,0,3495.8,0
0.11,0,0,0,8969.2,0,3495.6,0
0.115,0,0,0,8967.8,0,3495.4,0
0.12,0,0,0,8966.4,0,3495.2,0
0.125,0,0,0,8965,0,3495,0
0.13,0,0,0,8963.6,0,3494.8,0
0.135,0,0,0,8962.2,0,3494.6,0
0.14,0,0,0,8960.8,0,3494.4,0
0.145,0,0,0,8959.4,0,3494.2,0
0.15,0,0,0,8958,0,3494,0
0.155,0,0,0,8956.6,0,3493.8,0
0.16,0,0,0,8955.2,0,3493.6,0
0.165,0,0,0,8953.8,0,3493.4,0
0.17,0,0,0,8952.4,0,3493.2,0
0.175,0,0,0,8951,0,3493,0
0.18,0,0,0,8949.6,0,3492.8,0
0.185,0,0,0,8948.2,0,3492.6,0
0.19,0,0,0,8946.8,0,3492.4,0
0.195,0,0,0,8945.4,0,3492.2,0
0.2,0,0,0,8944,0,3492,0
0.205,0,0,0,8942.6,0,3491.8,0
0.21,0,0,0,8941.2,0,3491.6,0
0.215,0,0,0,8939.8,0,3491.4,0
0.22,0,0,0,8938.4,0,3491.2,0
0.225,0,0,0,8937,0,3491,0
0.23,0,0,0,8935.6,0,3490.8,0
0.235,0,0,0,8934.2,0,3490.6,0
0.24,0,0,0,8932.8,0,3490.4,0
0.245,0,0,0,8931.4,0,3490.2,0
0.25,0,0,0,8930,0,3490,0
0.255,0,0,0,8928.6,0,3489.8,0
0.26,0,0,0,8927.2,0,3489.6,0
0.265,0,0,0,8925.8,0,3489.4,0
0.27,0,0,0,8924.4,0,3489.2,0
0.275,0,0,0,8923,0,3489,0
0.28,0,0,0,8921.6,0,3488.8,0
0.285,0,0,0,8920.2,0,3488.6,0
0.29,0,0,0,8918.8,0,3488.4,0
0.295,0,0,0,8917.4,0,3488.2,0
0.3,0,0,0,8916,0,3488,0
0.305,0,0,0,8914.6,0,3487.8,0
0.31,0,0,0,8913.2,0,3487.6,0
0.315,0,0,0,8911.8,0,3487.4,0
0.32,0,0,0,8910.4,0,3487.2,0
0.325,0,0,0,8909,0,3487,0
0.33,0,0,0,8907.6,0,3486.8,0
0.335,0,0,0,8906.2,0,3486.6,0
0.34,0,0,0,8904.8,0,3486.4,0
0.345,0,0,0,8903.4,0,3486.2,0
0.35,0,0,0,8902,0,3486,0
0.355,0,0,0,8900.6,0,3485.8,0
0.36,0,0,0,8899.2,0,3485.6,0
0.365,0,0,0,8897.8,0,3485.4,0
0.37,0,0,0,8896.4,0,3485.2,0
0.375,0,0,0,8895,0,3485,0
0.38,0,0,0,8893.6,0,3484.8,0
0.385,0,0,0,8892.2,0,3484.6,0
0.39,0,0,0,8890.8,0,3484.4,0
0.395,0,0,0,8889.4,0,3484.2,0
0.4,0,0,0,8888,0,3484,0
0.405,0,0,0,8886.6,0,3483.8,0
0.41,0,0,0,8885.2,0,3483.6,0
0.415,0,0,0,8883.8,0,3483.4,0
0.42,0,0,0,8882.4,0,3483.2,0
0.425,0,0,0,8881,0,3483,0
0.43,0,0,0,8879.6,0,3482.8,0
0.435,0,0,0,8878.2,0,3482.6,0
0.44,0,0,0,8876.8,0,3482.4,0
0.445,0,0,0,8875.4,0,3482.2,0
0.45,0,0,0,8874,0,3482,0
0.455,0,0,0,8872.6,0,3481.8,0
0.46,0,0,0,8871.2,0,3481.6,0
0.465,0,0,0,8869.8,0,3481.4,0
0.47,0,0,0,8868.4,0,3481.2,0
0.475,0,0,0,8867,0,3481,0
0.48,0,0,0,8865.6,0,3480.8,0
0.485,0,0,0,8864.2,0,3480.6,0
0.49,0,0,0,8862.8,0,3480.4,0
0.495,0,0,0,8861.4,0,3480.2,0
0.5,0,0,0,8860,0,3480,0
0.505,0,0,0,8858.6,0,3479.8,0
0.51,0,0,0,8857.2,0,3479.6,0
0.515,0,0,0,8855.8,0,3479.4,0
0.52,0,0,0,8854.4,0,3479.2,0
0.525,0,0,0,8853,0,3479,0
0.53,0,0,0,8851.6,0,3478.8,0
0.535,0,0,0,8850.2,0,3478.6,0
0.54,0,0,0,8848.8,0,3478.4,0
0.545,0,0,0,8847.4,0,3478.2,0
0.55,0,0,0,8846,0,3478,0
0.555,0,0,0,8844.6,0,3477.8,0
0.56,0,0,0,8843.2,0,3477.6,0
0.565,0,0,0,8841.8,0,3477.4,0
0.57,0,0,0,8840.4,0,3477.2,0
0.575,0,0,0,8839,0,3477,0
0.58,0,0,0,8837.6,0,3476.8,0
0.585,0,0,0,8836.2,0,3476.6,0
0.59,0,0,0,8834.8,0,3476.4,0
0.595,0,0,0,8833.4,0,3476.2,0
0.6,0,0,0,8832,0,3476,0
0.605,0,0,0,8830.6,0,3475.8,0
0.61,0,0,0,8829.2,0,3475.6,0
0.615,0,0,0,8827.8,0,3475.4,0
0.62,0,0,0,8826.4,0,3475.2,0
0.625,0,0,0,8825,0,3475,0
0.63,0,0,0,8823.6,0,3474.8,0
0.635,0,0,0,8822.2,0,3474.6,0
0.64,0,0,0,8820.8,0,3474.4,0
0.645,0,0,0,8819.4,0,3474.2,0
0.65,0,0,0,8818,0,3474,0
0.655,0,0,0,8816.6,0,3473.8,0
0.66,0,0,0,8815.2,0,3473.6,0
0.665,0,0,0,8813.8,0,3473.4,0
0.67,0,0,0,8812.4,0,3473.2,0
0.675,0,0,0,8811,0,3473,0
0.68,0,0,0,8809.6,0,3472.8,0
0.685,0,0,0,8808.2,0,3472.6,0
0.69,0,0,0,8806.8,0,3472.4,0
0.695,0,0,0,8805.4,0,3472.2,0
0.7,0,0,0,8804,0,3472,0
0.705,0,0,0,8802.6,0,3471.8,0
0.71,0,0,0,8801.2,0,3471.6,0
0.715,0,0,0,8799.8,0,3471.4,0
0.72,0,0,0,8798.4,0,3471.2,0
0.725,0,0,0,8797,0,3471,0
0.73,0,0,0,8795.6,0,3470.8,0
0.735,0,0,0,8794.2,0,3470.6,0
0.74,0,0,0,8792.8,0,3470.4,0
0.745,0,0,0,8791.4,0,3470.2,0
0.75,0,0,0,8790,0,3470,0
0.755,0,0,0,8788.6,0,3469.8,0
0.76,0,0,0,8787.2,0,3469.6,0
0.765,0,0,0,8785.8,0,3469.4,0
0.77,0,0,0,8784.4,0,3469.2,0
0.775,0,0,0,8783,0,3469,0
0.78,0,0,0,8781.6,0,3468.8,0
0.785,0,0,0,8780.2,0,3468.6,0
0.79,0,0,0,8778.8,0,3468.4,0
0.795,0,0,0,8777.4,0,3468.2,0
0.8,0,0,0,8776,0,3468,0
0.805,0,0,0,8774.6,0,3467.8,0
0.81,0,0,0,8773.2,0,3467.6,0
0.815,0,0,0,8771.8,0,3467.4,0
0.82,0,0,0,8770.4,0,3467.2,0
0.825,0,0,0,8769,0,3467,0
0.83,0,0,0,8767.6,0,3466.8,0
0.835,0,0,0,8766.2,0,3466.6,0
0.84,0,0,0,8764.8,0,3466.4,0
0.845,0,0,0,8763.4,0,3466.2,0
0.85,0,0,0,8762,0,3466,0
0.855,0,0,0,8760.6,0,3465.8,0
0.86,0,0,0,8759.2,0,3465.6,0
0.865,0,0,0,8757.8,0,3465.4,0
0.87,0,0,0,8756.4,0,3465.2,0
0.875,0,0,0,8755,0,3465,0
0.88,0,0,0,8753.6,0,3464.8,0
0.885,0,0,0,8752.2,0,3464.6,0
0.89,0,0,0,8750.8,0,3464.4,0
0.895,0,0,0,8749.4,0,3464.2,0
0.9,0,0,0,8748,0,3464,0
0.905,0,0,0,8746.6,0,3463.8,0
0.91,0,0,0,8745.2,0,3463.6,0
0.915,0,0,0,8743.8,0,3463.4,0
0.92,0,0,0,8742.4,0,3463.2,0
0.925,0,0,0,8741,0,3463,0
0.93,0,0,0,8739.6,0,3462.8,0
0.935,0,0,0,8738.2,0,3462.6,0
0.94,0,0,0,8736.8,0,3462.4,0
0.945,0,0,0,8735.4,0,3462.2,0
0.95,0,0,0,8734,0,3462,0
0.955,0,0,0,8732.6,0,3461.8,0
0.96,0,0,0,8731.2,0,3461.6,0
0.965,0,0,0,8729.8,0,3461.4,0
0.97,0,0,0,8728.4,0,3461.2,0
0.975,0,0,0,8727,0,3461,0
0.98,0,0,0,8725.6,0,3460.8,0
0.985,0,0,0,8724.2,0,3460.6,0
0.99,0,0,0,8722.8,0,3460.4,0
0.995,0,0,0,8721.4,0,3460.2,0
1,0,0,0,8720,0,3460,0
1.005,0,0,0,8718.6,0,3459.8,0
1.01,0,0,0,8717.2,0,3459.6,0
1.015,0,0,0,8715.8,0,3459.4,0
1.02,0,0,0,8714.4,0,3459.2,0
1.025,0,0,0,8713,0,3459,0
1.03,0,0,0,8711.6,0,3458.8,0
1.035,0,0,0,8710.2,0,3458.6,0
1.04,0,0,0,8708.8,0,3458.4,0
1.045,0,0,0,8707.4,0,3458.2,0
1.05,0,0,0,8706,0,3458,0
1.055,0,0,0,8704.6,0,3457.8,0
1.06,0,0,0,8703.2,0,3457.6,0
1.065,0,0,0,8701.8,0,3457.4,0
1.07,0,0,0,8700.4,0,3457.2,0
1.075,0,0,0,8699,0,3457,0
1.08,0,0,0,8697.6,0,3456.8,0
1.085,0,0,0,8696.2,0,3456.6,0
1.09,0,0,0,8694.8,0,3456.4,0
1.095,0,0,0,8693.4,0,3456.2,0
1.1,0,0,0,8692,0,3456,0
1.105,0,0,0,8690.6,0,3455.8,0
1.11,0,0,0,8689.2,0,3455.6,0
1.115,0,0,0,8687.8,0,3455.4,0
1.12,0,0,0,8686.4,0,3455.2,0
1.125,0,0,0,8685,0,3455,0
1.13,0,0,0,8683.6,0,3454.8,0
1.135,0,0,0,8682.2,0,3454.6,0
1.14,0,0,0,8680.8,0,3454.4,0
1.145,0,0,0,8679.4,0,3454.2,0
1.15,0,0,0,8678,0,3454,0
1.155,0,0,0,8676.6,0,3453.8,0
1.16,0,0,0,8675.2,0,3453.6,0
1.165,0,0,0,8673.8,0,3453.4,0
1.17,0,0,0,8672.4,0,3453.2,0
1.175,0,0,0,8671,0,3453,0
1.18,0,0,0,8669.6,0,3452.8,0
1.185,0,0,0,8668.2,0,3452.6,0
1.19,0,0,0,8666.8,0,3452.4,0
1.195,0,0,0,8665.4,0,3452.2,0
1.2,0,0,0,8664,0,3452,0
1.205,0,0,0,8662.6,0,3451.8,0
1.21,0,0,0,8661.2,0,3451.6,0
1.215,0,0,0,8659.8,0,3451.4,0
1.22,0,0,0,8658.4,0,3451.2,0
1.225,0,0,0,8657,0,3451,0
1.23,0,0,0,8655.6,0,3450.8,0
1.235,0,0,0,8654.2,0,3450.6,0
1.24,0,0,0,8652.8,0,3450.4,0
1.245,0,0,0,8651.4,0,3450.2,0
1.25,0,0,0,8650,0,3450,0
1.255,0,0,0,8648.6,0,3449.8,0
1.26,0,0,0,8647.2,0,3449.6,0
1.265,0,0,0,8645.8,0,3449.4,0
1.27,0,0,0,8644.4,0,3449.2,0
1.275,0,0,0,8643,0,3449,0
1.28,0,0,0,8641.6,0,3448.8,0
1.285,0,0,0,8640.2,0,3448.6,0
1.29,0,0,0,8638.8,0,3448.4,0
1.295,0,0,0,8637.4,0,3448.2,0
1.3,0,0,0,8636,0,3448,0
1.305,0,0,0,8634.6,0,3447.8,0
1.31,0,0,0,8633.2,0,3447.6,0
1.315,0,0,0,8631.8,0,3447.4,0
1.32,0,0,0,8630.4,0,3447.2,0
1.325,0,0,0,8629,0,3447,0
1.33,0,0,0,8627.6,0,3446.8,0
1.335,0,0,0,8626.2,0,3446.6,0
1.34,0,0,0,8624.8,0,3446.4,0
1.345,0,0,0,8623.4,0,3446.2,0
1.35,0,0,0,8622,0,3446,0
1.355,0,0,0,8620.6,0,3445.8,0
1.36,0,0,0,8619.2,0,3445.6,0
1.365,0,0,0,8617.8,0,3445.4,0
1.37,0,0,0,8616.4,0,3445.2,0
1.375,0,0,0,8615,0,3445,0
1.38,0,0,0,8613.6,0,3444.8,0
1.385,0,0,0,8612.2,0,3444.6,0
1.39,0,0,0,8610.8,0,3444.4,0
1.395,0,0,0,8609.4,0,3444.2,0
1.4,0,0,0,8608,0,3444,0
1.405,0,0,0,8606.6,0,3443.8,0
1.41,0,0,0,8605.2,0,3443.6,0
1.415,0,0,0,8603.8,0,3443.4,0
1.42,0,0,0,8602.4,0,3443.2,0
1.425,0,0,0,8601,0,3443,0
1.43,0,0,0,8599.6,0,3442.8,0
1.435,0,0,0,8598.2,0,3442.6,0
1.44,0,0,0,8596.8,0,3442.4,0
1.445,0,0,0,8595.4,0,3442.2,0
1.45,0,0,0,8594,0,3442,0
1.455,0,0,0,8592.6,0,3441.8,0
1.46,0,0,0,8591.2,0,3441.6,0
1.465,0,0,0,8589.8,0,3441.4,0
1.47,0,0,0,8588.4,0,3441.2,0
1.475,0,0,0,8587,0,3441,0
1.48,0,0,0,8585.6,0,3440.8,0
1.485,0,0,0,8584.2,0,3440.6,0
1.49,0,0,0,8582.8,0,3440.4,0
1.495,0,0,0,8581.4,0,3440.2,0
1.5,0,0,0,8580,0,3440,0
1.505,0,0,0,8578.6,0,3439.8,0
1.51,0,0,0,8577.2,0,3439.6,0
1.515,0,0,0,8575.8,0,3439.4,0
1.52,0,0,0,8574.4,0,3439.2,0
1.525,0,0,0,8573,0,3439,0
1.53,0,0,0,8571.6,0,3438.8,0
1.535,0,0,0,8570.2,0,3438.6,0
1.54,0,0,0,8568.8,0,3438.4,0
1.545,0,0,0,8567.4,0,3438.2,0
1.55,0,0,0,8566,0,3438,0
1.555,0,0,0,8564.6,0,3437.8,0
1.56,0,0,0,8563.2,0,3437.6,0
1.565,0,0,0,8561.8,0,3437.4,0
1.57,0,0,0,8560.4,0,3437.2,0
1.575,0,0,0,8559,0,3437,0
1.58,0,0,0,8557.6,0,3436.8,0
1.585,0,0,0,8556.2,0,3436.6,0
1.59,0,0,0,8554.8,0,3436.4,0
1.595,0,0,0,8553.4,0,3436.2,0
1.6,0,0,0,8552,0,3436,0
1.605,0,0,0,8550.6,0,3435.8,0
1.61,0,0,0,8549.2,0,3435.6,0
1.615,0,0,0,8547.8,0,3435.4,0
1.62,0,0,0,8546.4,0,3435.2,0
1.625,0,0,0,8545,0,3435,0
1.63,0,0,0,8543.6,0,3434.8,0
1.635,0,0,0,8542.2,0,3434.6,0
1.64,0,0,0,8540.8,0,3434.4,0
1.645,0,0,0,8539.4,0,3434.2,0
1.65,0,0,0,8538,0,3434,0
1.655,0,0,0,8536.6,0,3433.8,0
1.66,0,0,0,8535.2,0,3433.6,0
1.665,0,0,0,8533.8,0,3433.4,0
1.67,0,0,0,8532.4,0,3433.2,0
1.675,0,0,0,8531,0,3433,0
1.68,0,0,0,8529.6,0,3432.8,0
1.685,0,0,0,8528.2,0,3432.6,0
1.69,0,0,0,8526.8,0,3432.4,0
1.695,0,0,0,8525.4,0,3432.2,0
1.7,0,0,0,8524,0,3432,0
1.705,0,0,0,8522.6,0,3431.8,0
1.71,0,0,0,8521.2,0,3431.6,0
1.715,0,0,0,8519.8,0,3431.4,0
1.72,0,0,0,8518.4,0,3431.2,0
1.725,0,0,0,8517,0,3431,0
1.73,0,0,0,8515.6,0,3430.8,0
1.735,0,0,0,8514.2,0,3430.6,0
1.74,0,0,0,8512.8,0,3430.4,0
1.745,0,0,0,8511.4,0,3430.2,0
1.75,0,0,0,8510,0,3430,0
1.755,0,0,0,8508.6,0,3429.8,0
1.76,0,0,0,8507.2,0,3429.6,0
1.765,0,0,0,8505.8,0,3429.4,0
1.77,0,0,0,8504.4,0,3429.2,0
1.775,0,0,0,8503,0,3429,0
1.78,0,0,0,8501.6,0,3428.8,0
1.785,0,0,0,8500.2,0,3428.6,0
1.79,0,0,0,8498.8,0,3428.4,0
1.795,0,0,0,8497.4,0,3428.2,0
1.8,0,0,0,8496,0,3428,0
1.805,0,0,0,8494.6,0,3427.8,0
1.81,0,0,0,8493.2,0,3427.6,0
1.815,0,0,0,8491.8,0,3427.4,0
1.82,0,0,0,8490.4,0,3427.2,0
1.825,0,0,0,8489,0,3427,0
1.83,0,0,0,8487.6,0,3426.8,0
1.835,0,0,0,8486.2,0,3426.6,0
1.84,0,0,0,8484.8,0,3426.4,0
1.845,0,0,0,8483.4,0,3426.2,0
1.85,0,0,0,8482,0,3426,0
1.855,0,0,0,8480.6,0,3425.8,0
1.86,0,0,0,8479.2,0,3425.6,0
1.865,0,0,0,8477.8,0,3425.4,0
1.87,0,0,0,8476.4,0,3425.2,0
1.875,0,0,0,8475,0,3425,0
1.88,0,0,0,8473.6,0,3424.8,0
1.885,0,0,0,8472.2,0,3424.6,0
1.89,0,0,0,8470.8,0,3424.4,0
1.895,0,0,0,8469.4,0,3424.2,0
1.9,0,0,0,8468,0,3424,0
1.905,0,0,0,8466.6,0,3423.8,0
1.91,0,0,0,8465.2,0,3423.6,0
1.915,0,0,0,8463.8,0,3423.4,0
1.92,0,0,0,8462.4,0,3423.2,0
1.925,0,0,0,8461,0,3423,0
1.93,0,0,0,8459.6,0,3422.8,0
1.935,0,0,0,8458.2,0,3422.6,0
1.94,0,0,0,8456.8,0,3422.4,0
1.945,0,0,0,8455.4,0,3422.2,0
1.95,0,0,0,8454,0,3422,0
1.955,0,0,0,8452.6,0,3421.8,0
1.96,0,0,0,8451.2,0,3421.6,0
1.965,0,0,0,8449.8,0,3421.4,0
1.97,0,0,0,8448.4,0,3421.2,0
1.975,0,0,0,8447,0,3421,0
1.98,0,0,0,8445.6,0,3420.8,0
1.985,0,0,0,8444.2,0,3420.6,0
1.99,0,0,0,8442.8,0,3420.4,0
1.995,0,0,0,8441.4,0,3420.2,0
2,0,0,0,8440,0,3420,0
2.005,0,0,0,8438.6,0,3419.8,0
2.01,0,0,0,8437.2,0,3419.6,0
2.015,0,0,0,8435.8,0,3419.4,0
2.02,0,0,0,8434.4,0,3419.2,0
2.025,0,0,0,8433,0,3419,0
2.03,0,0,0,8431.6,0,3418.8,0
2.035,0,0,0,8430.2,0,3418.6,0
2.04,0,0,0,8428.8,0,3418.4,0
2.045,0,0,0,8427.4,0,3418.2,0
2.05,0,0,0,8426,0,3418,0
2.055,0,0,0,8424.6,0,3417.8,0
2.06,0,0,0,8423.2,0,3417.6,0
2.065,0,0,0,8421.8,0,3417.4,0
2.07,0,0,0,8420.4,0,3417.2,0
2.075,0,0,0,8419,0,3417,0
2.08,0,0,0,8417.6,0,3416.8,0
2.085,0,0,0,8416.2,0,3416.6,0
2.09,0,0,0,8414.8,0,3416.4,0
2.095,0,0,0,8413.4,0,3416.2,0
2.1,0,0,0,8412,0,3416,0
2.105,0,0,0,8410.6,0,3415.8,0
2.11,0,0,0,8409.2,0,3415.6,0
2.115,0,0,0,8407.8,0,3415.4,0
2.12,0,0,0,8406.4,0,3415.2,0
2.125,0,0,0,8405,0,3415,0
2.13,0,0,0,8403.6,0,3414.8,0
2.135,0,0,0,8402.2,0,3414.6,0
2.14,0,0,0,8400.8,0,3414.4,0
2.145,0,0,0,8399.4,0,3414.2,0
2.15,0,0,0,8398,0,3414,0
2.155,0,0,0,8396.6,0,3413.8,0
2.16,0,0,0,8395.2,0,3413.6,0
2.165,0,0,0,8393.8,0,3413.4,0
2.17,0,0,0,8392.4,0,3413.2,0
2.175,0,0,0,8391,0,3413,0
2.18,0,0,0,8389.6,0,3412.8,0
2.185,0,0,0,8388.2,0,3412.6,0
2.19,0,0,0,8386.8,0,3412.4,0
2.195,0,0,0,8385.4,0,3412.2,0
2.2,0,0,0,8384,0,3412,0
2.205,0,0,0,8382.6,0,3411.8,0
2.21,0,0,0,8381.2,0,3411.6,0
2.215,0,0,0,8379.8,0,3411.4,0
2.22,0,0,0,8378.4,0,3411.2,0
2.225,0,0,0,8377,0,3411,0
2.23,0,0,0,8375.6,0,3410.8,0
2.235,0,0,0,8374.2,0,3410.6,0
2.24,0,0,0,8372.8,0,3410.4,0
2.245,0,0,0,8371.4,0,3410.2,0
2.25,0,0,0,8370,0,3410,0
2.255,0,0,0,8368.6,0,3409.8,0
2.26,0,0,0,8367.2,0,3409.6,0
2.265,0,0,0,8365.8,0,3409.4,0
2.27,0,0,0,8364.4,0,3409.2,0
2.275,0,0,0,8363,0,3409,0
2.28,0,0,0,8361.6,0,3408.8,0
2.285,0,0,0,8360.2,0,3408.6,0
2.29,0,0,0,8358.8,0,3408.4,0
2.295,0,0,0,8357.4,0,3408.2,0
2.3,0,0,0,8356,0,3408,0
2.305,0,0,0,8354.6,0,3407.8,0
2.31,0,0,0,8353.2,0,3407.6,0
2.315,0,0,0,8351.8,0,3407.4,0
2.32,0,0,0,8350.4,0,3407.2,0
2.325,0,0,0,8349,0,3407,0
2.33,0,0,0,8347.6,0,3406.8,0
2.335,0,0,0,8346.2,0,3406.6,0
2.34,0,0,0,8344.8,0,3406.4,0
2.345,0,0,0,8343.4,0,3406.2,0
2.35,0,0,0,8342,0,3406,0
2.355,0,0,0,8340.6,0,3405.8,0
2.36,0,0,0,8339.2,0,3405.6,0
2.365,0,0,0,8337.8,0,3405.4,0
2.37,0,0,0,8336.4,0,3405.2,0
2.375,0,0,0,8335,0,3405,0
2.38,0,0,0,8333.6,0,3404.8,0
2.385,0,0,0,8332.2,0,3404.6,0
2.39,0,0,0,8330.8,0,3404.4,0
2.395,0,0,0,8329.4,0,3404.2,0
2.4,0,0,0,8328,0,3404,0
2.405,0,0,0,8326.6,0,3403.8,0
2.41,0,0,0,8325.2,0,3403.6,0
2.415,0,0,0,8323.8,0,3403.4,0
2.42,0,0,0,8322.4,0,3403.2,0
2.425,0,0,0,8321,0,3403,0
2.43,0,0,0,8319.6,0,3402.8,0
2.435,0,0,0,8318.2,0,3402.6,0
2.44,0,0,0,8316.8,0,3402.4,0
2.445,0,0,0,8315.4,0,3402.2,0
2.45,0,0,0,8314,0,3402,0
2.455,0,0,0,8312.6,0,3401.8,0
2.46,0,0,0,8311.2,0,3401.6,0
2.465,0,0,0,8309.8,0,3401.4,0
2.47,0,0,0,8308.4,0,3401.2,0
2.475,0,0,0,8307,0,3401,0
2.48,0,0,0,8305.6,0,3400.8,0
2.485,0,0,0,8304.2,0,3400.6,0
2.49,0,0,0,8302.8,0,3400.4,0
2.495,0,0,0,8301.4,0,3400.2,0
2.5,0,0,0,8300,0,3400,0
2.505,0,0,0,8298.6,0,3399.8,0
2.51,0,0,0,8297.2,0,3399.6,0
2.515,0,0,0,8295.8,0,3399.4,0
2.52,0,0,0,8294.4,0,3399.2,0
2.525,0,0,0,8293,0,3399,0
2.53,0,0,0,8291.6,0,3398.8,0
2.535,0,0,0,8290.2,0,3398.6,0
2.54,0,0,0,8288.8,0,3398.4,0
2.545,0,0,0,8287.4,0,3398.2,0
2.55,0,0,0,8286,0,3398,0
2.555,0,0,0,8284.6,0,3397.8,0
2.56,0,0,0,8283.2,0,3397.6,0
2.565,0,0,0,8281.8,0,3397.4,0
2.57,0,0,0,8280.4,0,3397.2,0
2.575,0,0,0,8279,0,3397,0
2.58,0,0,0,8277.6,0,3396.8,0
2.585,0,0,0,8276.2,0,3396.6,0
2.59,0,0,0,8274.8,0,3396.4,0
2.595,0,0,0,8273.4,0,3396.2,0
2.6,0,0,0,8272,0,3396,0
2.605,0,0,0,8270.6,0,3395.8,0
2.61,0,0,0,8269.2,0,3395.6,0
2.615,0,0,0,8267.8,0,3395.4,0
2.62,0,0,0,8266.4,0,3395.2,0
2.625,0,0,0,8265,0,3395,0
2.63,0,0,0,8263.6,0,3394.8,0
2.635,0,0,0,8262.2,0,3394.6,0
2.64,0,0,0,8260.8,0,3394.4,0
2.645,0,0,0,8259.4,0,3394.2,0
2.65,0,0,0,8258,0,3394,0
2.655,0,0,0,8256.6,0,3393.8,0
2.66,0,0,0,8255.2,0,3393.6,0
2.665,0,0,0,8253.8,0,3393.4,0
2.67,0,0,0,8252.4,0,3393.2,0
2.675,0,0,0,8251,0,3393,0
2.68,0,0,0,8249.6,0,3392.8,0
2.685,0,0,0,8248.2,0,3392.6,0
2.69,0,0,0,8246.8,0,3392.4,0
2.695,0,0,0,8245.4,0,3392.2,0
2.7,0,0,0,8244,0,3392,0
2.705,0,0,0,8242.6,0,3391.8,0
2.71,0,0,0,8241.2,0,3391.6,0
2.715,0,0,0,8239.8,0,3391.4,0
2.72,0,0,0,8238.4,0,3391.2,0
2.725,0,0,0,8237,0,3391,0
2.73,0,0,0,8235.6,0,3390.8,0
2.735,0,0,0,8234.2,0,3390.6,0
2.74,0,0,0,8232.8,0,3390.4,0
2.745,0,0,0,8231.4,0,3390.2,0
2.75,0,0,0,8230,0,3390,0
2.755,0,0,0,8228.6,0,3389.8,0
2.76,0,0,0,8227.2,0,3389.6,0
2.765,0,0,0,8225.8,0,3389.4,0
2.77,0,0,0,8224.4,0,3389.2,0
2.775,0,0,0,8223,0,3389,0
2.78,0,0,0,8221.6,0,3388.8,0
2.785,0,0,0,8220.2,0,3388.6,0
2.79,0,0,0,8218.8,0,3388.4,0
2.795,0,0,0,8217.4,0,3388.2,0
2.8,0,0,0,8216,0,3388,0
2.805,0,0,0,8214.6,0,3387.8,0
2.81,0,0,0,8213.2,0,3387.6,0
2.815,0,0,0,8211.8,0,3387.4,0
2.82,0,0,0,8210.4,0,3387.2,0
2.825,0,0,0,8209,0,3387,0
2.83,0,0,0,8207.6,0,3386.8,0
2.835,0,0,0,8206.2,0,3386.6,0
2.84,0,0,0,8204.8,0,3386.4,0
2.845,0,0,0,8203.4,0,3386.2,0
2.85,0,0,0,8202,0,3386,0
2.855,0,0,0,8200.6,0,3385.8,0
2.86,0,0,0,8199.2,0,3385.6,0
2.865,0,0,0,8197.8,0,3385.4,0
2.87,0,0,0,8196.4,0,3385.2,0
2.875,0,0,0,8195,0,3385,0
2.88,0,0,0,8193.6,0,3384.8,0
2.885,0,0,0,8192.2,0,3384.6,0
2.89,0,0,0,8190.8,0,3384.4,0
2.895,0,0,0,8189.4,0,3384.2,0
2.9,0,0,0,8188,0,3384,0
2.905,0,0,0,8186.6,0,3383.8,0
2.91,0,0,0,8185.2,0,3383.6,0
2.915,0,0,0,8183.8,0,3383.4,0
2.92,0,0,0,8182.4,0,3383.2,0
2.925,0,0,0,8181,0,3383,0
2.93,0,0,0,8179.6,0,3382.8,0
2.935,0,0,0,8178.2,0,3382.6,0
2.94,0,0,0,8176.8,0,3382.4,0
2.945,0,0,0,8175.4,0,3382.2,0
2.95,0,0,0,8174,0,3382,0
2.955,0,0,0,8172.6,0,3381.8,0
2.96,0,0,0,8171.2,0,3381.6,0
2.965,0,0,0,8169.8,0,3381.4,0
2.97,0,0,0,8168.4,0,3381.2,0
2.975,0,0,0,8167,0,3381,0
2.98,0,0,0,8165.6,0,3380.8,0
2.985,0,0,0,8164.2,0,3380.6,0
2.99,0,0,0,8162.8,0,3380.4,0
2.995,0,0,0,8161.4,0,3380.2,0
3,0,0,0,8160,0,3380,0
3.005,0,0,0,8158.6,0,3379.8,0
3.01,0,0,0,8157.2,0,3379.6,0
3.015,0,0,0,8155.8,0,3379.4,0
3.02,0,0,0,8154.4,0,3379.2,0
3.025,0,0,0,8153,0,3379,0
3.03,0,0,0,8151.6,0,3378.8,0
3.035,0,0,0,8150.2,0,3378.6,0
3.04,0,0,0,8148.8,0,3378.4,0
3.045,0,0,0,8147.4,0,3378.2,0
3.05,0,0,0,8146,0,3378,0
3.055,0,0,0,8144.6,0,3377.8,0
3.06,0,0,0,8143.2,0,3377.6,0
3.065,0,0,0,8141.8,0,3377.4,0
3.07,0,0,0,8140.4,0,3377.2,0
3.075,0,0,0,8139,0,3377,0
3.08,0,0,0,8137.6,0,3376.8,0
3.085,0,0,0,8136.2,0,3376.6,0
3.09,0,0,0,8134.8,0,3376.4,0
3.095,0,0,0,8133.4,0,3376.2,0
3.1,0,0,0,8132,0,3376,0
3.105,0,0,0,8130.6,0,3375.8,0
3.11,0,0,0,8129.2,0,3375.6,0
3.115,0,0,0,8127.8,0,3375.4,0
3.12,0,0,0,8126.4,0,3375.2,0
3.125,0,0,0,8125,0,3375,0
3.13,0,0,0,8123.6,0,3374.8,0
3.135,0,0,0,8122.2,0,3374.6,0
3.14,0,0,0,8120.8,0,3374.4,0
3.145,0,0,0,8119.4,0,3374.2,0
3.15,0,0,0,8118,0,3374,0
3.155,0,0,0,8116.6,0,3373.8,0
3.16,0,0,0,8115.2,0,3373.6,0
3.165,0,0,0,8113.8,0,3373.4,0
3.17,0,0,0,8112.4,0,3373.2,0
3.175,0,0,0,8111,0,3373,0
3.18,0,0,0,8109.6,0,3372.8,0
3.185,0,0,0,8108.2,0,3372.6,0
3.19,0,0,0,8106.8,0,3372.4,0
3.195,0,0,0,8105.4,0,3372.2,0
3.2,0,0,0,8104,0,3372,0
3.205,0,0,0,8102.6,0,3371.8,0
3.21,0,0,0,8101.2,0,3371.6,0
3.215,0,0,0,8099.8,0,3371.4,0
3.22,0,0,0,8098.4,0,3371.2,0
3.225,0,0,0,8097,0,3371,0
3.23,0,0,0,8095.6,0,3370.8,0
3.235,0,0,0,8094.2,0,3370.6,0
3.24,0,0,0,8092.8,0,3370.4,0
3.245,0,0,0,8091.4,0,3370.2,0
3.25,0,0,0,8090,0,3370,0
3.255,0,0,0,8088.6,0,3369.8,0
3.26,0,0,0,8087.2,0,3369.6,0
3.265,0,0,0,8085.8,0,3369.4,0
3.27,0,0,0,8084.4,0,3369.2,0
3.275,0,0,0,8083,0,3369,0
3.28,0,0,0,8081.6,0,3368.8,0
3.285,0,0,0,8080.2,0,3368.6,0
3.29,0,0,0,8078.8,0,3368.4,0
3.295,0,0,0,8077.4,0,3368.2,0
3.3,0,0,0,8076,0,3368,0
3.305,0,0,0,8074.6,0,3367.8,0
3.31,0,0,0,8073.2,0,3367.6,0
3.315,0,0,0,8071.8,0,3367.4,0
3.32,0,0,0,8070.4,0,3367.2,0
3.325,0,0,0,8069,0,3367,0
3.33,0,0,0,8067.6,0,3366.8,0
3.335,0,0,0,8066.2,0,3366.6,0
3.34,0,0,0,8064.8,0,3366.4,0
3.345,0,0,0,8063.4,0,3366.2,0
3.35,0,0,0,8062,0,3366,0
3.355,0,0,0,8060.6,0,3365.8,0
3.36,0,0,0,8059.2,0,3365.6,0
3.365,0,0,0,8057.8,0,3365.4,0
3.37,0,0,0,8056.4,0,3365.2,0
3.375,0,0,0,8055,0,3365,0
3.38,0,0,0,8053.6,0,3364.8,0
3.385,0,0,0,8052.2,0,3364.6,0
3.39,0,0,0,8050.8,0,3364.4,0
3.395,0,0,0,8049.4,0,3364.2,0
3.4,0,0,0,8048,0,3364,0
3.405,0,0,0,8046.6,0,3363.8,0
3.41,0,0,0,8045.2,0,3363.6,0
3.415,0,0,0,8043.8,0,3363.4,0
3.42,0,0,0,8042.4,0,3363.2,0
3.425,0,0,0,8041,0,3363,0
3.43,0,0,0,8039.6,0,3362.8,0
3.435,0,0,0,8038.2,0,3362.6,0
3.44,0,0,0,8036.8,0,3362.4,0
3.445,0,0,0,8035.4,0,3362.2,0
3.45,0,0,0,8034,0,3362,0
3.455,0,0,0,8032.6,0,3361.8,0
3.46,0,0,0,8031.2,0,3361.6,0
3.465,0,0,0,8029.8,0,3361.4,0
3.47,0,0,0,8028.4,0,3361.2,0
3.475,0,0,0,8027,0,3361,0
3.48,0,0,0,8025.6,0,3360.8,0
3.485,0,0,0,8024.2,0,3360.6,0
3.49,0,0,0,8022.8,0,3360.4,0
3.495,0,0,0,8021.4,0,3360.2,0
3.5,0,0,0,8020,0,3360,0
3.505,0,0,0,8018.6,0,3359.8,0
3.51,0,0,0,8017.2,0,3359.6,0
3.515,0,0,0,8015.8,0,3359.4,0
3.52,0,0,0,8014.4,0,3359.2,0
3.525,0,0,0,8013,0,3359,0
3.53,0,0,0,8011.6,0,3358.8,0
3.535,0,0,0,8010.2,0,3358.6,0
3.54,0,0,0,8008.8,0,3358.4,0
3.545,0,0,0,8007.4,0,3358.2,0
3.55,0,0,0,8006,0,3358,0
3.555,0,0,0,8004.6,0,3357.8,0
3.56,0,0,0,8003.2,0,3357.6,0
3.565,0,0,0,8001.8,0,3357.4,0
3.57,0,0,0,8000.4,0,3357.2,0
3.575,0,0,0,7999,0,3357,0
3.58,0,0,0,7997.6,0,3356.8,0
3.585,0,0,0,7996.2,0,3356.6,0
3.59,0,0,0,7994.8,0,3356.4,0
3.595,0,0,0,7993.4,0,3356.2,0
3.6,0,0,0,7992,0,3356,0
3.605,0,0,0,7990.6,0,3355.8,0
3.61,0,0,0,7989.2,0,3355.6,0
3.615,0,0,0,7987.8,0,3355.4,0
3.62,0,0,0,7986.4,0,3355.2,0
3.625,0,0,0,7985,0,3355,0
3.63,0,0,0,7983.6,0,3354.8,0
3.635,0,0,0,7982.2,0,3354.6,0
3.64,0,0,0,7980.8,0,3354.4,0
3.645,0,0,0,7979.4,0,3354.2,0
3.65,0,0,0,7978,0,3354,0
3.655,0,0,0,7976.6,0,3353.8,0
3.66,0,0,0,7975.2,0,3353.6,0
3.665,0,0,0,7973.8,0,3353.4,0
3.67,0,0,0,7972.4,0,3353.2,0
3.675,0,0,0,7971,0,3353,0
3.68,0,0,0,7969.6,0,3352.8,0
3.685,0,0,0,7968.2,0,3352.6,0
3.69,0,0,0,7966.8,0,3352.4,0
3.695,0,0,0,7965.4,0,3352.2,0
3.7,0,0,0,7964,0,3352,0
3.705,0,0,0,7962.6,0,3351.8,0
3.71,0,0,0,7961.2,0,3351.6,0
3.715,0,0,0,7959.8,0,3351.4,0
3.72,0,0,0,7958.4,0,3351.2,0
3.725,0,0,0,7957,0,3351,0
3.73,0,0,0,7955.6,0,3350.8,0
3.735,0,0,0,7954.2,0,3350.6,0
3.74,0,0,0,7952.8,0,3350.4,0
3.745,0,0,0,7951.4,0,3350.2,0
3.75,0,0,0,7950,0,3350,0
3.755,0,0,0,7948.6,0,3349.8,0
3.76,0,0,0,7947.2,0,3349.6,0
3.765,0,0,0,7945.8,0,3349.4,0
3.77,0,0,0,7944.4,0,3349.2,0
3.775,0,0,0,7943,0,3349,0
3.78,0,0,0,7941.6,0,3348.8,0
3.785,0,0,0,7940.2,0,3348.6,0
3.79,0,0,0,7938.8,0,3348.4,0
3.795,0,0,0,7937.4,0,3348.2,0
3.8,0,0,0,7936,0,3348,0
3.805,0,0,0,7934.6,0,3347.8,0
3.81,0,0,0,7933.2,0,3347.6,0
3.815,0,0,0,7931.8,0,3347.4,0
3.82,0,0,0,7930.4,0,3347.2,0
3.825,0,0,0,7929,0,3347,0
3.83,0,0,0,7927.6,0,3346.8,0
3.835,0,0,0,7926.2,0,3346.6,0
3.84,0,0,0,7924.8,0,3346.4,0
3.845,0,0,0,7923.4,0,3346.2,0
3.85,0,0,0,7922,0,3346,0
3.855,0,0,0,7920.6,0,3345.8,0
3.86,0,0,0,7919.2,0,3345.6,0
3.865,0,0,0,7917.8,0,3345.4,0
3.87,0,0,0,7916.4,0,3345.2,0
3.875,0,0,0,7915,0,3345,0
3.88,0,0,0,7913.6,0,3344.8,0
3.885,0,0,0,7912.2,0,3344.6,0
3.89,0,0,0,7910.8,0,3344.4,0
3.895,0,0,0,7909.4,0,3344.2,0
3.9,0,0,0,7908,0,3344,0
3.905,0,0,0,7906.6,0,3343.8,0
3.91,0,0,0,7905.2,0,3343.6,0
3.915,0,0,0,7903.8,0,3343.4,0
3.92,0,0,0,7902.4,0,3343.2,0
3.925,0,0,0,7901,0,3343,0
3.93,0,0,0,7899.6,0,3342.8,0
3.935,0,0,0,7898.2,0,3342.6,0
3.94,0,0,0,7896.8,0,3342.4,0
3.945,0,0,0,7895.4,0,3342.2,0
3.95,0,0,0,7894,0,3342,0
3.955,0,0,0,7892.6,0,3341.8,0
3.96,0,0,0,7891.2,0,3341.6,0
3.965,0,0,0,7889.8,0,3341.4,0
3.97,0,0,0,7888.4,0,3341.2,0
3.975,0,0,0,7887,0,3341,0
3.98,0,0,0,7885.6,0,3340.8,0
3.985,0,0,0,7884.2,0,3340.6,0
3.99,0,0,0,7882.8,0,3340.4,0
3.995,0,0,0,7881.4,0,3340.2,0
4,0,0,0,7880,0,3340,0
4.005,0,0,0,7878.6,0,3339.8,0
4.01,0,0,0,7877.2,0,3339.6,0
4.015,0,0,0,7875.8,0,3339.4,0
4.02,0,0,0,7874.4,0,3339.2,0
4.025,0,0,0,7873,0,3339,0
4.03,0,0,0,7871.6,0,3338.8,0
4.035,0,0,0,7870.2,0,3338.6,0
4.04,0,0,0,7868.8,0,3338.4,0
4.045,0,0,0,7867.4,0,3338.2,0
4.05,0,0,0,7866,0,3338,0
4.055,0,0,0,7864.6,0,3337.8,0
4.06,0,0,0,7863.2,0,3337.6,0
4.065,0,0,0,7861.8,0,3337.4,0
4.07,0,0,0,7860.4,0,3337.2,0
4.075,0,0,0,7859,0,3337,0
4.08,0,0,0,7857.6,0,3336.8,0
4.085,0,0,0,7856.2,0,3336.6,0
4.09,0,0,0,7854.8,0,3336.4,0
4.095,0,0,0,7853.4,0,3336.2,0
4.1,0,0,0,7852,0,3336,0
4.105,0,0,0,7850.6,0,3335.8,0
4.11,0,0,0,7849.2,0,3335.6,0
4.115,0,0,0,7847.8,0,3335.4,0
4.12,0,0,0,7846.4,0,3335.2,0
4.125,0,0,0,7845,0,3335,0
4.13,0,0,0,7843.6,0,3334.8,0
4.135,0,0,0,7842.2,0,3334.6,0
4.14,0,0,0,7840.8,0,3334.4,0
4.145,0,0,0,7839.4,0,3334.2,0
4.15,0,0,0,7838,0,3334,0
4.155,0,0,0,7836.6,0,3333.8,0
4.16,0,0,0,7835.2,0,3333.6,0
4.165,0,0,0,7833.8,0,3333.4,0
4.17,0,0,0,7832.4,0,3333.2,0
4.175,0,0,0,7831,0,3333,0
4.18,0,0,0,7829.6,0,3332.8,0
4.185,0,0,0,7828.2,0,3332.6,0
4.19,0,0,0,7826.8,0,3332.4,0
4.195,0,0,0,7825.4,0,3332.2,0
4.2,0,0,0,7824,0,3332,0
4.205,0,0,0,7822.6,0,3331.8,0
4.21,0,0,0,7821.2,0,3331.6,0
4.215,0,0,0,7819.8,0,3331.4,0
4.22,0,0,0,7818.4,0,3331.2,0
4.225,0,0,0,7817,0,3331,0
4.23,0,0,0,7815.6,0,3330.8,0
4.235,0,0,0,7814.2,0,3330.6,0
4.24,0,0,0,7812.8,0,3330.4,0
4.245,0,0,0,7811.4,0,3330.2,0
4.25,0,0,0,7810,0,3330,0
4.255,0,0,0,7808.6,0,3329.8,0
4.26,0,0,0,7807.2,0,3329.6,0
4.265,0,0,0,7805.8,0,3329.4,0
4.27,0,0,0,7804.4,0,3329.2,0
4.275,0,0,0,7803,0,3329,0
4.28,0,0,0,7801.6,0,3328.8,0
4.285,0,0,0,7800.2,0,3328.6,0
4.29,0,0,0,7798.8,0,3328.4,0
4.295,0,0,0,7797.4,0,3328.2,0
4.3,0,0,0,7796,0,3328,0
4.305,0,0,0,7794.6,0,3327.8,0
4.31,0,0,0,7793.2,0,3327.6,0
4.315,0,0,0,7791.8,0,3327.4,0
4.32,0,0,0,7790.4,0,3327.2,0
4.325,0,0,0,7789,0,3327,0
4.33,0,0,0,7787.6,0,3326.8,0
4.335,0,0,0,7786.2,0,3326.6,0
4.34,0,0,0,7784.8,0,3326.4,0
4.345,0,0,0,7783.4,0,3326.2,0
4.35,0,0,0,7782,0,3326,0
4.355,0,0,0,7780.6,0,3325.8,0
4.36,0,0,0,7779.2,0,3325.6,0
4.365,0,0,0,7777.8,0,3325.4,0
4.37,0,0,0,7776.4,0,3325.2,0
4.375,0,0,0,7775,0,3325,0
4.38,0,0,0,7773.6,0,3324.8,0
4.385,0,0,0,7772.2,0,3324.6,0
4.39,0,0,0,7770.8,0,3324.4,0
4.395,0,0,0,7769.4,0,3324.2,0
4.4,0,0,0,7768,0,3324,0
4.405,0,0,0,7766.6,0,3323.8,0
4.41,0,0,0,7765.2,0,3323.6,0
4.415,0,0,0,7763.8,0,3323.4,0
4.42,0,0,0,7762.4,0,3323.2,0
4.425,0,0,0,7761,0,3323,0
4.43,0,0,0,7759.6,0,3322.8,0
4.435,0,0,0,7758.2,0,3322.6,0
4.44,0,0,0,7756.8,0,3322.4,0
4.445,0,0,0,7755.4,0,3322.2,0
4.45,0,0,0,7754,0,3322,0
4.455,0,0,0,7752.6,0,3321.8,0
4.46,0,0,0,7751.2,0,3321.6,0
4.465,0,0,0,7749.8,0,3321.4,0
4.47,0,0,0,7748.4,0,3321.2,0
4.475,0,0,0,7747,0,3321,0
4.48,0,0,0,7745.6,0,3320.8,0
4.485,0,0,0,7744.2,0,3320.6,0
4.49,0,0,0,7742.8,0,3320.4,0
4.495,0,0,0,7741.4,0,3320.2,0
4.5,0,0,0,7740,0,3320,0
4.505,0,0,0,7738.6,0,3319.8,0
4.51,0,0,0,7737.2,0,3319.6,0
4.515,0,0,0,7735.8,0,3319.4,0
4.52,0,0,0,7734.4,0,3319.2,0
4.525,0,0,0,7733,0,3319,0
4.53,0,0,0,7731.6,0,3318.8,0
4.535,0,0,0,7730.2,0,3318.6,0
4.54,0,0,0,7728.8,0,3318.4,0
4.545,0,0,0,7727.4,0,3318.2,0
4.55,0,0,0,7726,0,3318,0
4.555,0,0,0,7724.6,0,3317.8,0
4.56,0,0,0,7723.2,0,3317.6,0
4.565,0,0,0,7721.8,0,3317.4,0
4.57,0,0,0,7720.4,0,3317.2,0
4.575,0,0,0,7719,0,3317,0
4.58,0,0,0,7717.6,0,3316.8,0
4.585,0,0,0,7716.2,0,3316.6,0
4.59,0,0,0,7714.8,0,3316.4,0
4.595,0,0,0,7713.4,0,3316.2,0
4.6,0,0,0,7712,0,3316,0
4.605,0,0,0,7710.6,0,3315.8,0
4.61,0,0,0,7709.2,0,3315.6,0
4.615,0,0,0,7707.8,0,3315.4,0
4.62,0,0,0,7706.4,0,3315.2,0
4.625,0,0,0,7705,0,3315,0
4.63,0,0,0,7703.6,0,3314.8,0
4.635,0,0,0,7702.2,0,3314.6,0
4.64,0,0,0,7700.8,0,3314.4,0
4.645,0,0,0,7699.4,0,3314.2,0
4.65,0,0,0,7698,0,3314,0
4.655,0,0,0,7696.6,0,3313.8,0
4.66,0,0,0,7695.2,0,3313.6,0
4.665,0,0,0,7693.8,0,3313.4,0
4.67,0,0,0,7692.4,0,3313.2,0
4.675,0,0,0,7691,0,3313,0
4.68,0,0,0,7689.6,0,3312.8,0
4.685,0,0,0,7688.2,0,3312.6,0
4.69,0,0,0,7686.8,0,3312.4,0
4.695,0,0,0,7685.4,0,3312.2,0
4.7,0,0,0,7684,0,3312,0
4.705,0,0,0,7682.6,0,3311.8,0
4.71,0,0,0,7681.2,0,3311.6,0
4.715,0,0,0,7679.8,0,3311.4,0
4.72,0,0,0,7678.4,0,3311.2,0
4.725,0,0,0,7677,0,3311,0
4.73,0,0,0,7675.6,0,3310.8,0
4.735,0,0,0,7674.2,0,3310.6,0
4.74,0,0,0,7672.8,0,3310.4,0
4.745,0,0,0,7671.4,0,3310.2,0
4.75,0,0,0,7670,0,3310,0
4.755,0,0,0,7668.6,0,3309.8,0
4.76,0,0,0,7667.2,0,3309.6,0
4.765,0,0,0,7665.8,0,3309.4,0
4.77,0,0,0,7664.4,0,3309.2,0
4.775,0,0,0,7663,0,3309,0
4.78,0,0,0,7661.6,0,3308.8,0
4.785,0,0,0,7660.2,0,3308.6,0
4.79,0,0,0,7658.8,0,3308.4,0
4.795,0,0,0,7657.4,0,3308.2,0
4.8,0,0,0,7656,0,3308,0
4.805,0,0,0,7654.6,0,3307.8,0
4.81,0,0,0,7653.2,0,3307.6,0
4.815,0,0,0,7651.8,0,3307.4,0
4.82,0,0,0,7650.4,0,3307.2,0
4.825,0,0,0,7649,0,3307,0
4.83,0,0,0,7647.6,0,3306.8,0
4.835,0,0,0,7646.2,0,3306.6,0
4.84,0,0,0,7644.8,0,3306.4,0
4.845,0,0,0,7643.4,0,3306.2,0
4.85,0,0,0,7642,0,3306,0
4.855,0,0,0,7640.6,0,3305.8,0
4.86,0,0,0,7639.2,0,3305.6,0
4.865,0,0,0,7637.8,0,3305.4,0
4.87,0,0,0,7636.4,0,3305.2,0
4.875,0,0,0,7635,0,3305,0
4.88,0,0,0,7633.6,0,3304.8,0
4.885,0,0,0,7632.2,0,3304.6,0
4.89,0,0,0,7630.8,0,3304.4,0
4.895,0,0,0,7629.4,0,3304.2,0
4.9,0,0,0,7628,0,3304,0
4.905,0,0,0,7626.6,0,3303.8,0
4.91,0,0,0,7625.2,0,3303.6,0
4.915,0,0,0,7623.8,0,3303.4,0
4.92,0,0,0,7622.4,0,3303.2,0
4.925,0,0,0,7621,0,3303,0
4.93,0,0,0,7619.6,0,3302.8,0
4.935,0,0,0,7618.2,0,3302.6,0
4.94,0,0,0,7616.8,0,3302.4,0
4.945,0,0,0,7615.4,0,3302.2,0
4.95,0,0,0,7614,0,3302,0
4.955,0,0,0,7612.6,0,3301.8,0
4.96,0,0,0,7611.2,0,3301.6,0
4.965,0,0,0,7609.8,0,3301.4,0
4.97,0,0,0,7608.4,0,3301.2,0
4.975,0,0,0,7607,0,3301,0
4.98,0,0,0,7605.6,0,3300.8,0
4.985,0,0,0,7604.2,0,3300.6,0
4.99,0,0,0,7602.8,0,3300.4,0
4.995,0,0,0,7601.4,0,3300.2,0
5,0,0,0,7600,0,3300,0
5.005,0,0,0,7598.6,0,3299.8,0
5.01,0,0,0,7597.2,0,3299.6,0
5.015,0,0,0,7595.8,0,3299.4,0
5.02,0,0,0,7594.4,0,3299.2,0
5.025,0,0,0,7593,0,3299,0
5.03,0,0,0,7591.6,0,3298.8,0
5.035,0,0,0,7590.2,0,3298.6,0
5.04,0,0,0,7588.8,0,3298.4,0
5.045,0,0,0,7587.4,0,3298.2,0
5.05,0,0,0,7586,0,3298,0
5.055,0,0,0,7584.6,0,3297.8,0
5.06,0,0,0,7583.2,0,3297.6,0
5.065,0,0,0,7581.8,0,3297.4,0
5.07,0,0,0,7580.4,0,3297.2,0
5.075,0,0,0,7579,0,3297,0
5.08,0,0,0,7577.6,0,3296.8,0
5.085,0,0,0,7576.2,0,3296.6,0
5.09,0,0,0,7574.8,0,3296.4,0
5.095,0,0,0,7573.4,0,3296.2,0
5.1,0,0,0,7572,0,3296,0
5.105,0,0,0,7570.6,0,3295.8,0
5.11,0,0,0,7569.2,0,3295.6,0
5.115,0,0,0,7567.8,0,3295.4,0
5.12,0,0,0,7566.4,0,3295.2,0
5.125,0,0,0,7565,0,3295,0
5.13,0,0,0,7563.6,0,3294.8,0
5.135,0,0,0,7562.2,0,3294.6,0
5.14,0,0,0,7560.8,0,3294.4,0
5.145,0,0,0,7559.4,0,3294.2,0
5.15,0,0,0,7558,0,3294,0
5.155,0,0,0,7556.6,0,3293.8,0
5.16,0,0,0,7555.2,0,3293.6,0
5.165,0,0,0,7553.8,0,3293.4,0
5.17,0,0,0,7552.4,0,3293.2,0
5.175,0,0,0,7551,0,3293,0
5.18,0,0,0,7549.6,0,3292.8,0
5.185,0,0,0,7548.2,0,3292.6,0
5.19,0,0,0,7546.8,0,3292.4,0
5.195,0,0,0,7545.4,0,3292.2,0
5.2,0,0,0,7544,0,3292,0
5.205,0,0,0,7542.6,0,3291.8,0
5.21,0,0,0,7541.2,0,3291.6,0
5.215,0,0,0,7539.8,0,3291.4,0
5.22,0,0,0,7538.4,0,3291.2,0
5.225,0,0,0,7537,0,3291,0
5.23,0,0,0,7535.6,0,3290.8,0
5.235,0,0,0,7534.2,0,3290.6,0
5.24,0,0,0,7532.8,0,3290.4,0
5.245,0,0,0,7531.4,0,3290.2,0
5.25,0,0,0,7530,0,3290,0
5.255,0,0,0,7528.6,0,3289.8,0
5.26,0,0,0,7527.2,0,3289.6,0
5.265,0,0,0,7525.8,0,3289.4,0
5.27,0,0,0,7524.4,0,3289.2,0
5.275,0,0,0,7523,0,3289,0
5.28,0,0,0,7521.6,0,3288.8,0
5.285,0,0,0,7520.2,0,3288.6,0
5.29,0,0,0,7518.8,0,3288.4,0
5.295,0,0,0,7517.4,0,3288.2,0
5.3,0,0,0,7516,0,3288,0
5.305,0,0,0,7514.6,0,3287.8,0
5.31,0,0,0,7513.2,0,3287.6,0
5.315,0,0,0,7511.8,0,3287.4,0
5.32,0,0,0,7510.4,0,3287.2,0
5.325,0,0,0,7509,0,3287,0
5.33,0,0,0,7507.6,0,3286.8,0
5.335,0,0,0,7506.2,0,3286.6,0
5.34,0,0,0,7504.8,0,3286.4,0
5.345,0,0,0,7503.4,0,3286.2,0
5.35,0,0,0,7502,0,3286,0
5.355,0,0,0,7500.6,0,3285.8,0
5.36,0,0,0,7499.2,0,3285.6,0
5.365,0,0,0,7497.8,0,3285.4,0
5.37,0,0,0,7496.4,0,3285.2,0
5.375,0,0,0,7495,0,3285,0
5.38,0,0,0,7493.6,0,3284.8,0
5.385,0,0,0,7492.2,0,3284.6,0
5.39,0,0,0,7490.8,0,3284.4,0
5.395,0,0,0,7489.4,0,3284.2,0
5.4,0,0,0,7488,0,3284,0
5.405,0,0,0,7486.6,0,3283.8,0
5.41,0,0,0,7485.2,0,3283.6,0
5.415,0,0,0,7483.8,0,3283.4,0
5.42,0,0,0,7482.4,0,3283.2,0
5.425,0,0,0,7481,0,3283,0
5.43,0,0,0,7479.6,0,3282.8,0
5.435,0,0,0,7478.2,0,3282.6,0
5.44,0,0,0,7476.8,0,3282.4,0
5.445,0,0,0,7475.4,0,3282.2,0
5.45,0,0,0,7474,0,3282,0
5.455,0,0,0,7472.6,0,3281.8,0
5.46,0,0,0,7471.2,0,3281.6,0
5.465,0,0,0,7469.8,0,3281.4,0
5.47,0,0,0,7468.4,0,3281.2,0
5.475,0,0,0,7467,0,3281,0
5.48,0,0,0,7465.6,0,3280.8,0
5.485,0,0,0,7464.2,0,3280.6,0
5.49,0,0,0,7462.8,0,3280.4,0
5.495,0,0,0,7461.4,0,3280.2,0
5.5,0,0,0,7460,0,3280,0
5.505,0,0,0,7458.6,0,3279.8,0
5.51,0,0,0,7457.2,0,3279.6,0
5.515,0,0,0,7455.8,0,3279.4,0
5.52,0,0,0,7454.4,0,3279.2,0
5.525,0,0,0,7453,0,3279,0
5.53,0,0,0,7451.6,0,3278.8,0
5.535,0,0,0,7450.2,0,3278.6,0
5.54,0,0,0,7448.8,0,3278.4,0
5.545,0,0,0,7447.4,0,3278.2,0
5.55,0,0,0,7446,0,3278,0
5.555,0,0,0,7444.6,0,3277.8,0
5.56,0,0,0,7443.2,0,3277.6,0
5.565,0,0,0,7441.8,0,3277.4,0
5.57,0,0,0,7440.4,0,3277.2,0
5.575,0,0,0,7439,0,3277,0
5.58,0,0,0,7437.6,0,3276.8,0
5.585,0,0,0,7436.2,0,3276.6,0
5.59,0,0,0,7434.8,0,3276.4,0
5.595,0,0,0,7433.4,0,3276.2,0
5.6,0,0,0,7432,0,3276,0
5.605,0,0,0,7430.6,0,3275.8,0
5.61,0,0,0,7429.2,0,3275.6,0
5.615,0,0,0,7427.8,0,3275.4,0
5.62,0,0,0,7426.4,0,3275.2,0
5.625,0,0,0,7425,0,3275,0
5.63,0,0,0,7423.6,0,3274.8,0
5.635,0,0,0,7422.2,0,3274.6,0
5.64,0,0,0,7420.8,0,3274.4,0
5.645,0,0,0,7419.4,0,3274.2,0
5.65,0,0,0,7418,0,3274,0
5.655,0,0,0,7416.6,0,3273.8,0
5.66,0,0,0,7415.2,0,3273.6,0
5.665,0,0,0,7413.8,0,3273.4,0
5.67,0,0,0,7412.4,0,3273.2,0
5.675,0,0,0,7411,0,3273,0
5.68,0,0,0,7409.6,0,3272.8,0
5.685,0,0,0,7408.2,0,3272.6,0
5.69,0,0,0,7406.8,0,3272.4,0
5.695,0,0,0,7405.4,0,3272.2,0
5.7,0,0,0,7404,0,3272,0
5.705,0,0,0,7402.6,0,3271.8,0
5.71,0,0,0,7401.2,0,3271.6,0
5.715,0,0,0,7399.8,0,3271.4,0
5.72,0,0,0,7398.4,0,3271.2,0
5.725,0,0,0,7397,0,3271,0
5.73,0,0,0,7395.6,0,3270.8,0
5.735,0,0,0,7394.2,0,3270.6,0
5.74,0,0,0,7392.8,0,3270.4,0
5.745,0,0,0,7391.4,0,3270.2,0
5.75,0,0,0,7390,0,3270,0
5.755,0,0,0,7388.6,0,3269.8,0
5.76,0,0,0,7387.2,0,3269.6,0
5.765,0,0,0,7385.8,0,3269.4,0
5.77,0,0,0,7384.4,0,3269.2,0
5.775,0,0,0,7383,0,3269,0
5.78,0,0,0,7381.6,0,3268.8,0
5.785,0,0,0,7380.2,0,3268.6,0
5.79,0,0,0,7378.8,0,3268.4,0
5.795,0,0,0,7377.4,0,3268.2,0
5.8,0,0,0,7376,0,3268,0
5.805,0,0,0,7374.6,0,3267.8,0
5.81,0,0,0,7373.2,0,3267.6,0
5.815,0,0,0,7371.8,0,3267.4,0
5.82,0,0,0,7370.4,0,3267.2,0
5.825,0,0,0,7369,0,3267,0
5.83,0,0,0,7367.6,0,3266.8,0
5.835,0,0,0,7366.2,0,3266.6,0
5.84,0,0,0,7364.8,0,3266.4,0
5.845,0,0,0,7363.4,0,3266.2,0
5.85,0,0,0,7362,0,3266,0
5.855,0,0,0,7360.6,0,3265.8,0
5.86,0,0,0,7359.2,0,3265.6,0
5.865,0,0,0,7357.8,0,3265.4,0
5.87,0,0,0,7356.4,0,3265.2,0
5.875,0,0,0,7355,0,3265,0
5.88,0,0,0,7353.6,0,3264.8,0
5.885,0,0,0,7352.2,0,3264.6,0
5.89,0,0,0,7350.8,0,3264.4,0
5.895,0,0,0,7349.4,0,3264.2,0
5.9,0,0,0,7348,0,3264,0
5.905,0,0,0,7346.6,0,3263.8,0
5.91,0,0,0,7345.2,0,3263.6,0
5.915,0,0,0,7343.8,0,3263.4,0
5.92,0,0,0,7342.4,0,3263.2,0
5.925,0,0,0,7341,0,3263,0
5.93,0,0,0,7339.6,0,3262.8,0
5.935,0,0,0,7338.2,0,3262.6,0
5.94,0,0,0,7336.8,0,3262.4,0
5.945,0,0,0,7335.4,0,3262.2,0
5.95,0,0,0,7334,0,3262,0
5.955,0,0,0,7332.6,0,3261.8,0
5.96,0,0,0,7331.2,0,3261.6,0
5.965,0,0,0,7329.8,0,3261.4,0
5.97,0,0,0,7328.4,0,3261.2,0
5.975,0,0,0,7327,0,3261,0
5.98,0,0,0,7325.6,0,3260.8,0
5.985,0,0,0,7324.2,0,3260.6,0
5.99,0,0,0,7322.8,0,3260.4,0
5.995,0,0,0,7321.4,0,3260.2,0
6,0,0,0,7320,0,3260,0
6.005,0,0,0,7318.6,0,3259.8,0
6.01,0,0,0,7317.2,0,3259.6,0
6.015,0,0,0,7315.8,0,3259.4,0
6.02,0,0,0,7314.4,0,3259.2,0
6.025,0,0,0,7313,0,3259,0
6.03,0,0,0,7311.6,0,3258.8,0
6.035,0,0,0,7310.2,0,3258.6,0
6.04,0,0,0,7308.8,0,3258.4,0
6.045,0,0,0,7307.4,0,3258.2,0
6.05,0,0,0,7306,0,3258,0
6.055,0,0,0,7304.6,0,3257.8,0
6.06,0,0,0,7303.2,0,3257.6,0
6.065,0,0,0,7301.8,0,3257.4,0
6.07,0,0,0,7300.4,0,3257.2,0
6.075,0,0,0,7299,0,3257,0
6.08,0,0,0,7297.6,0,3256.8,0
6.085,0,0,0,7296.2,0,3256.6,0
6.09,0,0,0,7294.8,0,3256.4,0
6.095,0,0,0,7293.4,0,3256.2,0
6.1,0,0,0,7292,0,3256,0
6.105,0,0,0,7290.6,0,3255.8,0
6.11,0,0,0,7289.2,0,3255.6,0
6.115,0,0,0,7287.8,0,3255.4,0
6.12,0,0,0,7286.4,0,3255.2,0
6.125,0,0,0,7285,0,3255,0
6.13,0,0,0,7283.6,0,3254.8,0
6.135,0,0,0,7282.2,0,3254.6,0
6.14,0,0,0,7280.8,0,3254.4,0
6.145,0,0,0,7279.4,0,3254.2,0
6.15,0,0,0,7278,0,3254,0
6.155,0,0,0,7276.6,0,3253.8,0
6.16,0,0,0,7275.2,0,3253.6,0
6.165,0,0,0,7273.8,0,3253.4,0
6.17,0,0,0,7272.4,0,3253.2,0
6.175,0,0,0,7271,0,3253,0
6.18,0,0,0,7269.6,0,3252.8,0
6.185,0,0,0,7268.2,0,3252.6,0
6.19,0,0,0,7266.8,0,3252.4,0
6.195,0,0,0,7265.4,0,3252.2,0
6.2,0,0,0,7264,0,3252,0
6.205,0,0,0,7262.6,0,3251.8,0
6.21,0,0,0,7261.2,0,3251.6,0
6.215,0,0,0,7259.8,0,3251.4,0
6.22,0,0,0,7258.4,0,3251.2,0
6.225,0,0,0,7257,0,3251,0
6.23,0,0,0,7255.6,0,3250.8,0
6.235,0,0,0,7254.2,0,3250.6,0
6.24,0,0,0,7252.8,0,3250.4,0
6.245,0,0,0,7251.4,0,3250.2,0
6.25,0,0,0,7250,0,3250,0
6.255,0,0,0,7248.6,0,3249.8,0
6.26,0,0,0,7247.2,0,3249.6,0
6.265,0,0,0,7245.8,0,3249.4,0
6.27,0,0,0,7244.4,0,3249.2,0
6.275,0,0,0,7243,0,3249,0
6.28,0,0,0,7241.6,0,3248.8,0
6.285,0,0,0,7240.2,0,3248.6,0
6.29,0,0,0,7238.8,0,3248.4,0
6.295,0,0,0,7237.4,0,3248.2,0
6.3,0,0,0,7236,0,3248,0
6.305,0,0,0,7234.6,0,3247.8,0
6.31,0,0,0,7233.2,0,3247.6,0
6.315,0,0,0,7231.8,0,3247.4,0
6.32,0,0,0,7230.4,0,3247.2,0
6.325,0,0,0,7229,0,3247,0
6.33,0,0,0,7227.6,0,3246.8,0
6.335,0,0,0,7226.2,0,3246.6,0
6.34,0,0,0,7224.8,0,3246.4,0
6.345,0,0,0,7223.4,0,3246.2,0
6.35,0,0,0,7222,0,3246,0
6.355,0,0,0,7220.6,0,3245.8,0
6.36,0,0,0,7219.2,0,3245.6,0
6.365,0,0,0,7217.8,0,3245.4,0
6.37,0,0,0,7216.4,0,3245.2,0
6.375,0,0,0,7215,0,3245,0
6.38,0,0,0,7213.6,0,3244.8,0
6.385,0,0,0,7212.2,0,3244.6,0
6.39,0,0,0,7210.8,0,3244.4,0
6.395,0,0,0,7209.4,0,3244.2,0
6.4,0,0,0,7208,0,3244,0
6.405,0,0,0,7206.6,0,3243.8,0
6.41,0,0,0,7205.2,0,3243.6,0
6.415,0,0,0,7203.8,0,3243.4,0
6.42,0,0,0,7202.4,0,3243.2,0
6.425,0,0,0,7201,0,3243,0
6.43,0,0,0,7199.6,0,3242.8,0
6.435,0,0,0,7198.2,0,3242.6,0
6.44,0,0,0,7196.8,0,3242.4,0
6.445,0,0,0,7195.4,0,3242.2,0
6.45,0,0,0,7194,0,3242,0
6.455,0,0,0,7192.6,0,3241.8,0
6.46,0,0,0,7191.2,0,3241.6,0
6.465,0,0,0,7189.8,0,3241.4,0
6.47,0,0,0,7188.4,0,3241.2,0
6.475,0,0,0,7187,0,3241,0
6.48,0,0,0,7185.6,0,3240.8,0
6.485,0,0,0,7184.2,0,3240.6,0
6.49,0,0,0,7182.8,0,3240.4,0
6.495,0,0,0,7181.4,0,3240.2,0
6.5,0,0,0,7180,0,3240,0
6.505,0,0,0,7178.6,0,3239.8,0
6.51,0,0,0,7177.2,0,3239.6,0
6.515,0,0,0,7175.8,0,3239.4,0
6.52,0,0,0,7174.4,0,3239.2,0
6.525,0,0,0,7173,0,3239,0
6.53,0,0,0,7171.6,0,3238.8,0
6.535,0,0,0,7170.2,0,3238.6,0
6.54,0,0,0,7168.8,0,3238.4,0
6.545,0,0,0,7167.4,0,3238.2,0
6.55,0,0,0,7166,0,3238,0
6.555,0,0,0,7164.6,0,3237.8,0
6.56,0,0,0,7163.2,0,3237.6,0
6.565,0,0,0,7161.8,0,3237.4,0
6.57,0,0,0,7160.4,0,3237.2,0
6.575,0,0,0,7159,0,3237,0
6.58,0,0,0,7157.6,0,3236.8,0
6.585,0,0,0,7156.2,0,3236.6,0
6.59,0,0,0,7154.8,0,3236.4,0
6.595,0,0,0,7153.4,0,3236.2,0
6.6,0,0,0,7152,0,3236,0
6.605,0,0,0,7150.6,0,3235.8,0
6.61,0,0,0,7149.2,0,3235.6,0
6.615,0,0,0,7147.8,0,3235.4,0
6.62,0,0,0,7146.4,0,3235.2,0
6.625,0,0,0,7145,0,3235,0
6.63,0,0,0,7143.6,0,3234.8,0
6.635,0,0,0,7142.2,0,3234.6,0
6.64,0,0,0,7140.8,0,3234.4,0
6.645,0,0,0,7139.4,0,3234.2,0
6.65,0,0,0,7138,0,3234,0
6.655,0,0,0,7136.6,0,3233.8,0
6.66,0,0,0,7135.2,0,3233.6,0
6.665,0,0,0,7133.8,0,3233.4,0
6.67,0,0,0,7132.4,0,3233.2,0
6.675,0,0,0,7131,0,3233,0
6.68,0,0,0,7129.6,0,3232.8,0
6.685,0,0,0,7128.2,0,3232.6,0
6.69,0,0,0,7126.8,0,3232.4,0
6.695,0,0,0,7125.4,0,3232.2,0
6.7,0,0,0,7124,0,3232,0
6.705,0,0,0,7122.6,0,3231.8,0
6.71,0,0,0,7121.2,0,3231.6,0
6.715,0,0,0,7119.8,0,3231.4,0
6.72,0,0,0,7118.4,0,3231.2,0
6.725,0,0,0,7117,0,3231,0
6.73,0,0,0,7115.6,0,3230.8,0
6.735,0,0,0,7114.2,0,3230.6,0
6.74,0,0,0,7112.8,0,3230.4,0
6.745,0,0,0,7111.4,0,3230.2,0
6.75,0,0,0,7110,0,3230,0
6.755,0,0,0,7108.6,0,3229.8,0
6.76,0,0,0,7107.2,0,3229.6,0
6.765,0,0,0,7105.8,0,3229.4,0
6.77,0,0,0,7104.4,0,3229.2,0
6.775,0,0,0,7103,0,3229,0
6.78,0,0,0,7101.6,0,3228.8,0
6.785,0,0,0,7100.2,0,3228.6,0
6.79,0,0,0,7098.8,0,3228.4,0
6.795,0,0,0,7097.4,0,3228.2,0
6.8,0,0,0,7096,0,3228,0
6.805,0,0,0,7094.6,0,3227.8,0
6.81,0,0,0,7093.2,0,3227.6,0
6.815,0,0,0,7091.8,0,3227.4,0
6.82,0,0,0,7090.4,0,3227.2,0
6.825,0,0,0,7089,0,3227,0
6.83,0,0,0,7087.6,0,3226.8,0
6.835,0,0,0,7086.2,0,3226.6,0
6.84,0,0,0,7084.8,0,3226.4,0
6.845,0,0,0,7083.4,0,3226.2,0
6.85,0,0,0,7082,0,3226,0
6.855,0,0,0,7080.6,0,3225.8,0
6.86,0,0,0,7079.2,0,3225.6,0
6.865,0,0,0,7077.8,0,3225.4,0
6.87,0,0,0,7076.4,0,3225.2,0
6.875,0,0,0,7075,0,3225,0
6.88,0,0,0,7073.6,0,3224.8,0
6.885,0,0,0,7072.2,0,3224.6,0
6.89,0,0,0,7070.8,0,3224.4,0
6.895,0,0,0,7069.4,0,3224.2,0
6.9,0,0,0,7068,0,3224,0
6.905,0,0,0,7066.6,0,3223.8,0
6.91,0,0,0,7065.2,0,3223.6,0
6.915,0,0,0,7063.8,0,3223.4,0
6.92,0,0,0,7062.4,0,3223.2,0
6.925,0,0,0,7061,0,3223,0
6.93,0,0,0,7059.6,0,3222.8,0
6.935,0,0,0,7058.2,0,3222.6,0
6.94,0,0,0,7056.8,0,3222.4,0
6.945,0,0,0,7055.4,0,3222.2,0
6.95,0,0,0,7054,0,3222,0
6.955,0,0,0,7052.6,0,3221.8,0
6.96,0,0,0,7051.2,0,3221.6,0
6.965,0,0,0,7049.8,0,3221.4,0
6.97,0,0,0,7048.4,0,3221.2,0
6.975,0,0,0,7047,0,3221,0
6.98,0,0,0,7045.6,0,3220.8,0
6.985,0,0,0,7044.2,0,3220.6,0
6.99,0,0,0,7042.8,0,3220.4,0
6.995,0,0,0,7041.4,0,3220.2,0
7,0,0,0,7040,0,3220,0
7.005,0,0,0,7038.6,0,3219.8,0
7.01,0,0,0,7037.2,0,3219.6,0
7.015,0,0,0,7035.8,0,3219.4,0
7.02,0,0,0,7034.4,0,3219.2,0
7.025,0,0,0,7033,0,3219,0
7.03,0,0,0,7031.6,0,3218.8,0
7.035,0,0,0,7030.2,0,3218.6,0
7.04,0,0,0,7028.8,0,3218.4,0
7.045,0,0,0,7027.4,0,3218.2,0
7.05,0,0,0,7026,0,3218,0
7.055,0,0,0,7024.6,0,3217.8,0
7.06,0,0,0,7023.2,0,3217.6,0
7.065,0,0,0,7021.8,0,3217.4,0
7.07,0,0,0,7020.4,0,3217.2,0
7.075,0,0,0,7019,0,3217,0
7.08,0,0,0,7017.6,0,3216.8,0
7.085,0,0,0,7016.2,0,3216.6,0
7.09,0,0,0,7014.8,0,3216.4,0
7.095,0,0,0,7013.4,0,3216.2,0
7.1,0,0,0,7012,0,3216,0
7.105,0,0,0,7010.6,0,3215.8,0
7.11,0,0,0,7009.2,0,3215.6,0
7.115,0,0,0,7007.8,0,3215.4,0
7.12,0,0,0,7006.4,0,3215.2,0
7.125,0,0,0,7005,0,3215,0
7.13,0,0,0,7003.6,0,3214.8,0
7.135,0,0,0,7002.2,0,3214.6,0
7.14,0,0,0,7000.8,0,3214.4,0
7.145,0,0,0,6999.4,0,3214.2,0
7.15,0,0,0,6998,0,3214,0
7.155,0,0,0,6996.6,0,3213.8,0
7.16,0,0,0,6995.2,0,3213.6,0
7.165,0,0,0,6993.8,0,3213.4,0
7.17,0,0,0,6992.4,0,3213.2,0
7.175,0,0,0,6991,0,3213,0
7.18,0,0,0,6989.6,0,3212.8,0
7.185,0,0,0,6988.2,0,3212.6,0
7.19,0,0,0,6986.8,0,3212.4,0
7.195,0,0,0,6985.4,0,3212.2,0
7.2,0,0,0,6984,0,3212,0
7.205,0,0,0,6982.6,0,3211.8,0
7.21,0,0,0,6981.2,0,3211.6,0
7.215,0,0,0,6979.8,0,3211.4,0
7.22,0,0,0,6978.4,0,3211.2,0
7.225,0,0,0,6977,0,3211,0
7.23,0,0,0,6975.6,0,3210.8,0
7.235,0,0,0,6974.2,0,3210.6,0
7.24,0,0,0,6972.8,0,3210.4,0
7.245,0,0,0,6971.4,0,3210.2,0
7.25,0,0,0,6970,0,3210,0
7.255,0,0,0,6968.6,0,3209.8,0
7.26,0,0,0,6967.2,0,3209.6,0
7.265,0,0,0,6965.8,0,3209.4,0
7.27,0,0,0,6964.4,0,3209.2,0
7.275,0,0,0,6963,0,3209,0
7.28,0,0,0,6961.6,0,3208.8,0
7.285,0,0,0,6960.2,0,3208.6,0
7.29,0,0,0,6958.8,0,3208.4,0
7.295,0,0,0,6957.4,0,3208.2,0
7.3,0,0,0,6956,0,3208,0
7.305,0,0,0,6954.6,0,3207.8,0
7.31,0,0,0,6953.2,0,3207.6,0
7.315,0,0,0,6951.8,0,3207.4,0
7.32,0,0,0,6950.4,0,3207.2,0
7.325,0,0,0,6949,0,3207,0
7.33,0,0,0,6947.6,0,3206.8,0
7.335,0,0,0,6946.2,0,3206.6,0
7.34,0,0,0,6944.8,0,3206.4,0
7.345,0,0,0,6943.4,0,3206.2,0
7.35,0,0,0,6942,0,3206,0
7.355,0,0,0,6940.6,0,3205.8,0
7.36,0,0,0,6939.2,0,3205.6,0
7.365,0,0,0,6937.8,0,3205.4,0
7.37,0,0,0,6936.4,0,3205.2,0
7.375,0,0,0,6935,0,3205,0
7.38,0,0,0,6933.6,0,3204.8,0
7.385,0,0,0,6932.2,0,3204.6,0
7.39,0,0,0,6930.8,0,3204.4,0
7.395,0,0,0,6929.4,0,3204.2,0
7.4,0,0,0,6928,0,3204,0
7.405,0,0,0,6926.6,0,3203.8,0
7.41,0,0,0,6925.2,0,3203.6,0
7.415,0,0,0,6923.8,0,3203.4,0
7.42,0,0,0,6922.4,0,3203.2,0
7.425,0,0,0,6921,0,3203,0
7.43,0,0,0,6919.6,0,3202.8,0
7.435,0,0,0,6918.2,0,3202.6,0
7.44,0,0,0,6916.8,0,3202.4,0
7.445,0,0,0,6915.4,0,3202.2,0
7.45,0,0,0,6914,0,3202,0
7.455,0,0,0,6912.6,0,3201.8,0
7.46,0,0,0,6911.2,0,3201.6,0
7.465,0,0,0,6909.8,0,3201.4,0
7.47,0,0,0,6908.4,0,3201.2,0
7.475,0,0,0,6907,0,3201,0
7.48,0,0,0,6905.6,0,3200.8,0
7.485,0,0,0,6904.2,0,3200.6,0
7.49,0,0,0,6902.8,0,3200.4,0
7.495,0,0,0,6901.4,0,3200.2,0
7.5,0,0,0,6900,0,3200,0
7.505,0,0,0,6898.6,0,3199.8,0
7.51,0,0,0,6897.2,0,3199.6,0
7.515,0,0,0,6895.8,0,3199.4,0
7.52,0,0,0,6894.4,0,3199.2,0
7.525,0,0,0,6893,0,3199,0
7.53,0,0,0,6891.6,0,3198.8,0
7.535,0,0,0,6890.2,0,3198.6,0
7.54,0,0,0,6888.8,0,3198.4,0
7.545,0,0,0,6887.4,0,3198.2,0
7.55,0,0,0,6886,0,3198,0
7.555,0,0,0,6884.6,0,3197.8,0
7.56,0,0,0,6883.2,0,3197.6,0
7.565,0,0,0,6881.8,0,3197.4,0
7.57,0,0,0,6880.4,0,3197.2,0
7.575,0,0,0,6879,0,3197,0
7.58,0,0,0,6877.6,0,3196.8,0
7.585,0,0,0,6876.2,0,3196.6,0
7.59,0,0,0,6874.8,0,3196.4,0
7.595,0,0,0,6873.4,0,3196.2,0
7.6,0,0,0,6872,0,3196,0
7.605,0,0,0,6870.6,0,3195.8,0
7.61,0,0,0,6869.2,0,3195.6,0
7.615,0,0,0,6867.8,0,3195.4,0
7.62,0,0,0,6866.4,0,3195.2,0
7.625,0,0,0,6865,0,3195,0
7.63,0,0,0,6863.6,0,3194.8,0
7.635,0,0,0,6862.2,0,3194.6,0
7.64,0,0,0,6860.8,0,3194.4,0
7.645,0,0,0,6859.4,0,3194.2,0
7.65,0,0,0,6858,0,3194,0
7.655,0,0,0,6856.6,0,3193.8,0
7.66,0,0,0,6855.2,0,3193.6,0
7.665,0,0,0,6853.8,0,3193.4,0
7.67,0,0,0,6852.4,0,3193.2,0
7.675,0,0,0,6851,0,3193,0
7.68,0,0,0,6849.6,0,3192.8,0
7.685,0,0,0,6848.2,0,3192.6,0
7.69,0,0,0,6846.8,0,3192.4,0
7.695,0,0,0,6845.4,0,3192.2,0
7.7,0,0,0,6844,0,3192,0
7.705,0,0,0,6842.6,0,3191.8,0
7.71,0,0,0,6841.2,0,3191.6,0
7.715,0,0,0,6839.8,0,3191.4,0
7.72,0,0,0,6838.4,0,3191.2,0
7.725,0,0,0,6837,0,3191,0
7.73,0,0,0,6835.6,0,3190.8,0
7.735,0,0,0,6834.2,0,3190.6,0
7.74,0,0,0,6832.8,0,3190.4,0
7.745,0,0,0,6831.4,0,3190.2,0
7.75,0,0,0,6830,0,3190,0
7.755,0,0,0,6828.6,0,3189.8,0
7.76,0,0,0,6827.2,0,3189.6,0
7.765,0,0,0,6825.8,0,3189.4,0
7.77,0,0,0,6824.4,0,3189.2,0
7.775,0,0,0,6823,0,3189,0
7.78,0,0,0,6821.6,0,3188.8,0
7.785,0,0,0,6820.2,0,3188.6,0
7.79,0,0,0,6818.8,0,3188.4,0
7.795,0,0,0,6817.4,0,3188.2,0
7.8,0,0,0,6816,0,3188,0
7.805,0,0,0,6814.6,0,3187.8,0
7.81,0,0,0,6813.2,0,3187.6,0
7.815,0,0,0,6811.8,0,3187.4,0
7.82,0,0,0,6810.4,0,3187.2,0
7.825,0,0,0,6809,0,3187,0
7.83,0,0,0,6807.6,0,3186.8,0
7.835,0,0,0,6806.2,0,3186.6,0
7.84,0,0,0,6804.8,0,3186.4,0
7.845,0,0,0,6803.4,0,3186.2,0
7.85,0,0,0,6802,0,3186,0
7.855,0,0,0,6800.6,0,3185.8,0
7.86,0,0,0,6799.2,0,3185.6,0
7.865,0,0,0,6797.8,0,3185.4,0
7.87,0,0,0,6796.4,0,3185.2,0
7.875,0,0,0,6795,0,3185,0
7.88,0,0,0,6793.6,0,3184.8,0
7.885,0,0,0,6792.2,0,3184.6,0
7.89,0,0,0,6790.8,0,3184.4,0
7.895,0,0,0,6789.4,0,3184.2,0
7.9,0,0,0,6788,0,3184,0
7.905,0,0,0,6786.6,0,3183.8,0
7.91,0,0,0,6785.2,0,3183.6,0
7.915,0,0,0,6783.8,0,3183.4,0
7.92,0,0,0,6782.4,0,3183.2,0
7.925,0,0,0,6781,0,3183,0
7.93,0,0,0,6779.6,0,3182.8,0
7.935,0,0,0,6778.2,0,3182.6,0
7.94,0,0,0,6776.8,0,3182.4,0
7.945,0,0,0,6775.4,0,3182.2,0
7.95,0,0,0,6774,0,3182,0
7.955,0,0,0,6772.6,0,3181.8,0
7.96,0,0,0,6771.2,0,3181.6,0
7.965,0,0,0,6769.8,0,3181.4,0
7.97,0,0,0,6768.4,0,3181.2,0
7.975,0,0,0,6767,0,3181,0
7.98,0,0,0,6765.6,0,3180.8,0
7.985,0,0,0,6764.2,0,3180.6,0
7.99,0,0,0,6762.8,0,3180.4,0
7.995,0,0,0,6761.4,0,3180.2,0
8,0,0,0,6760,0,3180,0
8.005,0,0,0,6758.6,0,3179.8,0
8.01,0,0,0,6757.2,0,3179.6,0
8.015,0,0,0,6755.8,0,3179.4,0
8.02,0,0,0,6754.4,0,3179.2,0
8.025,0,0,0,6753,0,3179,0
8.03,0,0,0,6751.6,0,3178.8,0
8.035,0,0,0,6750.2,0,3178.6,0
8.04,0,0,0,6748.8,0,3178.4,0
8.045,0,0,0,6747.4,0,3178.2,0
8.05,0,0,0,6746,0,3178,0
8.055,0,0,0,6744.6,0,3177.8,0
8.06,0,0,0,6743.2,0,3177.6,0
8.065,0,0,0,6741.8,0,3177.4,0
8.07,0,0,0,6740.4,0,3177.2,0
8.075,0,0,0,6739,0,3177,0
8.08,0,0,0,6737.6,0,3176.8,0
8.085,0,0,0,6736.2,0,3176.6,0
8.09,0,0,0,6734.8,0,3176.4,0
8.095,0,0,0,6733.4,0,3176.2,0
8.1,0,0,0,6732,0,3176,0
8.105,0,0,0,6730.6,0,3175.8,0
8.11,0,0,0,6729.2,0,3175.6,0
8.115,0,0,0,6727.8,0,3175.4,0
8.12,0,0,0,6726.4,0,3175.2,0
8.125,0,0,0,6725,0,3175,0
8.13,0,0,0,6723.6,0,3174.8,0
8.135,0,0,0,6722.2,0,3174.6,0
8.14,0,0,0,6720.8,0,3174.4,0
8.145,0,0,0,6719.4,0,3174.2,0
8.15,0,0,0,6718,0,3174,0
8.155,0,0,0,6716.6,0,3173.8,0
8.16,0,0,0,6715.2,0,3173.6,0
8.165,0,0,0,6713.8,0,3173.4,0
8.17,0,0,0,6712.4,0,3173.2,0
8.175,0,0,0,6711,0,3173,0
8.18,0,0,0,6709.6,0,3172.8,0
8.185,0,0,0,6708.2,0,3172.6,0
8.19,0,0,0,6706.8,0,3172.4,0
8.195,0,0,0,6705.4,0,3172.2,0
8.2,0,0,0,6704,0,3172,0
8.205,0,0,0,6702.6,0,3171.8,0
8.21,0,0,0,6701.2,0,3171.6,0
8.215,0,0,0,6699.8,0,3171.4,0
8.22,0,0,0,6698.4,0,3171.2,0
8.225,0,0,0,6697,0,3171,0
8.23,0,0,0,6695.6,0,3170.8,0
8.235,0,0,0,6694.2,0,3170.6,0
8.24,0,0,0,6692.8,0,3170.4,0
8.245,0,0,0,6691.4,0,3170.2,0
8.25,0,0,0,6690,0,3170,0
8.255,0,0,0,6688.6,0,3169.8,0
8.26,0,0,0,6687.2,0,3169.6,0
8.265,0,0,0,6685.8,0,3169.4,0
8.27,0,0,0,6684.4,0,3169.2,0
8.275,0,0,0,6683,0,3169,0
8.28,0,0,0,6681.6,0,3168.8,0
8.285,0,0,0,6680.2,0,3168.6,0
8.29,0,0,0,6678.8,0,3168.4,0
8.295,0,0,0,6677.4,0,3168.2,0
8.3,0,0,0,6676,0,3168,0
8.305,0,0,0,6674.6,0,3167.8,0
8.31,0,0,0,6673.2,0,3167.6,0
8.315,0,0,0,6671.8,0,3167.4,0
8.32,0,0,0,6670.4,0,3167.2,0
8.325,0,0,0,6669,0,3167,0
8.33,0,0,0,6667.6,0,3166.8,0
8.335,0,0,0,6666.2,0,3166.6,0
8.34,0,0,0,6664.8,0,3166.4,0
8.345,0,0,0,6663.4,0,3166.2,0
8.35,0,0,0,6662,0,3166,0
8.355,0,0,0,6660.6,0,3165.8,0
8.36,0,0,0,6659.2,0,3165.6,0
8.365,0,0,0,6657.8,0,3165.4,0
8.37,0,0,0,6656.4,0,3165.2,0
8.375,0,0,0,6655,0,3165,0
8.38,0,0,0,6653.6,0,3164.8,0
8.385,0,0,0,6652.2,0,3164.6,0
8.39,0,0,0,6650.8,0,3164.4,0
8.395,0,0,0,6649.4,0,3164.2,0
8.4,0,0,0,6648,0,3164,0
8.405,0,0,0,6646.6,0,3163.8,0
8.41,0,0,0,6645.2,0,3163.6,0
8.415,0,0,0,6643.8,0,3163.4,0
8.42,0,0,0,6642.4,0,3163.2,0
8.425,0,0,0,6641,0,3163,0
8.43,0,0,0,6639.6,0,3162.8,0
8.435,0,0,0,6638.2,0,3162.6,0
8.44,0,0,0,6636.8,0,3162.4,0
8.445,0,0,0,6635.4,0,3162.2,0
8.45,0,0,0,6634,0,3162,0
8.455,0,0,0,6632.6,0,3161.8,0
8.46,0,0,0,6631.2,0,3161.6,0
8.465,0,0,0,6629.8,0,3161.4,0
8.47,0,0,0,6628.4,0,3161.2,0
8.475,0,0,0,6627,0,3161,0
8.48,0,0,0,6625.6,0,3160.8,0
8.485,0,0,0,6624.2,0,3160.6,0
8.49,0,0,0,6622.8,0,3160.4,0
8.495,0,0,0,6621.4,0,3160.2,0
8.5,0,0,0,6620,0,3160,0
8.505,0,0,0,6618.6,0,3159.8,0
8.51,0,0,0,6617.2,0,3159.6,0
8.515,0,0,0,6615.8,0,3159.4,0
8.52,0,0,0,6614.4,0,3159.2,0
8.525,0,0,0,6613,0,3159,0
8.53,0,0,0,6611.6,0,3158.8,0
8.535,0,0,0,6610.2,0,3158.6,0
8.54,0,0,0,6608.8,0,3158.4,0
8.545,0,0,0,6607.4,0,3158.2,0
8.55,0,0,0,6606,0,3158,0
8.555,0,0,0,6604.6,0,3157.8,0
8.56,0,0,0,6603.2,0,3157.6,0
8.565,0,0,0,6601.8,0,3157.4,0
8.57,0,0,0,6600.4,0,3157.2,0
8.575,0,0,0,6599,0,3157,0
8.58,0,0,0,6597.6,0,3156.8,0
8.585,0,0,0,6596.2,0,3156.6,0
8.59,0,0,0,6594.8,0,3156.4,0
8.595,0,0,0,6593.4,0,3156.2,0
8.6,0,0,0,6592,0,3156,0
8.605,0,0,0,6590.6,0,3155.8,0
8.61,0,0,0,6589.2,0,3155.6,0
8.615,0,0,0,6587.8,0,3155.4,0
8.62,0,0,0,6586.4,0,3155.2,0
8.625,0,0,0,6585,0,3155,0
8.63,0,0,0,6583.6,0,3154.8,0
8.635,0,0,0,6582.2,0,3154.6,0
8.64,0,0,0,6580.8,0,3154.4,0
8.645,0,0,0,6579.4,0,3154.2,0
8.65,0,0,0,6578,0,3154,0
8.655,0,0,0,6576.6,0,3153.8,0
8.66,0,0,0,6575.2,0,3153.6,0
8.665,0,0,0,6573.8,0,3153.4,0
8.67,0,0,0,6572.4,0,3153.2,0
8.675,0,0,0,6571,0,3153,0
8.68,0,0,0,6569.6,0,3152.8,0
8.685,0,0,0,6568.2,0,3152.6,0
8.69,0,0,0,6566.8,0,3152.4,0
8.695,0,0,0,6565.4,0,3152.2,0
8.7,0,0,0,6564,0,3152,0
8.705,0,0,0,6562.6,0,3151.8,0
8.71,0,0,0,6561.2,0,3151.6,0
8.715,0,0,0,6559.8,0,3151.4,0
8.72,0,0,0,6558.4,0,3151.2,0
8.725,0,0,0,6557,0,3151,0
8.73,0,0,0,6555.6,0,3150.8,0
8.735,0,0,0,6554.2,0,3150.6,0
8.74,0,0,0,6552.8,0,3150.4,0
8.745,0,0,0,6551.4,0,3150.2,0
8.75,0,0,0,6550,0,3150,0
8.755,0,0,0,6548.6,0,3149.8,0
8.76,0,0,0,6547.2,0,3149.6,0
8.765,0,0,0,6545.8,0,3149.4,0
8.77,0,0,0,6544.4,0,3149.2,0
8.775,0,0,0,6543,0,3149,0
8.78,0,0,0,6541.6,0,3148.8,0
8.785,0,0,0,6540.2,0,3148.6,0
8.79,0,0,0,6538.8,0,3148.4,0
8.795,0,0,0,6537.4,0,3148.2,0
8.8,0,0,0,6536,0,3148,0
8.805,0,0,0,6534.6,0,3147.8,0
8.81,0,0,0,6533.2,0,3147.6,0
8.815,0,0,0,6531.8,0,3147.4,0
8.82,0,0,0,6530.4,0,3147.2,0
8.825,0,0,0,6529,0,3147,0
8.83,0,0,0,6527.6,0,3146.8,0
8.835,0,0,0,6526.2,0,3146.6,0
8.84,0,0,0,6524.8,0,3146.4,0
8.845,0,0,0,6523.4,0,3146.2,0
8.85,0,0,0,6522,0,3146,0
8.855,0,0,0,6520.6,0,3145.8,0
8.86,0,0,0,6519.2,0,3145.6,0
8.865,0,0,0,6517.8,0,3145.4,0
8.87,0,0,0,6516.4,0,3145.2,0
8.875,0,0,0,6515,0,3145,0
8.88,0,0,0,6513.6,0,3144.8,0
8.885,0,0,0,6512.2,0,3144.6,0
8.89,0,0,0,6510.8,0,3144.4,0
8.895,0,0,0,6509.4,0,3144.2,0
8.9,0,0,0,6508,0,3144,0
8.905,0,0,0,6506.6,0,3143.8,0
8.91,0,0,0,6505.2,0,3143.6,0
8.915,0,0,0,6503.8,0,3143.4,0
8.92,0,0,0,6502.4,0,3143.2,0
8.925,0,0,0,6501,0,3143,0
8.93,0,0,0,6499.6,0,3142.8,0
8.935,0,0,0,6498.2,0,3142.6,0
8.94,0,0,0,6496.8,0,3142.4,0
8.945,0,0,0,6495.4,0,3142.2,0
8.95,0,0,0,6494,0,3142,0
8.955,0,0,0,6492.6,0,3141.8,0
8.96,0,0,0,6491.2,0,3141.6,0
8.965,0,0,0,6489.8,0,3141.4,0
8.97,0,0,0,6488.4,0,3141.2,0
8.975,0,0,0,6487,0,3141,0
8.98,0,0,0,6485.6,0,3140.8,0
8.985,0,0,0,6484.2,0,3140.6,0
8.99,0,0,0,6482.8,0,3140.4,0
8.995,0,0,0,6481.4,0,3140.2,0
9,0,0,0,6480,0,3140,0
9.005,0,0,0,6478.6,0,3139.8,0
9.01,0,0,0,6477.2,0,3139.6,0
9.015,0,0,0,6475.8,0,3139.4,0
9.02,0,0,0,6474.4,0,3139.2,0
9.025,0,0,0,6473,0,3139,0
9.03,0,0,0,6471.6,0,3138.8,0
9.035,0,0,0,6470.2,0,3138.6,0
9.04,0,0,0,6468.8,0,3138.4,0
9.045,0,0,0,6467.4,0,3138.2,0
9.05,0,0,0,6466,0,3138,0
9.055,0,0,0,6464.6,0,3137.8,0
9.06,0,0,0,6463.2,0,3137.6,0
9.065,0,0,0,6461.8,0,3137.4,0
9.07,0,0,0,6460.4,0,3137.2,0
9.075,0,0,0,6459,0,3137,0
9.08,0,0,0,6457.6,0,3136.8,0
9.085,0,0,0,6456.2,0,3136.6,0
9.09,0,0,0,6454.8,0,3136.4,0
9.095,0,0,0,6453.4,0,3136.2,0
9.1,0,0,0,6452,0,3136,0
9.105,0,0,0,6450.6,0,3135.8,0
9.11,0,0,0,6449.2,0,3135.6,0
9.115,0,0,0,6447.8,0,3135.4,0
9.12,0,0,0,6446.4,0,3135.2,0
9.125,0,0,0,6445,0,3135,0
9.13,0,0,0,6443.6,0,3134.8,0
9.135,0,0,0,6442.2,0,3134.6,0
9.14,0,0,0,6440.8,0,3134.4,0
9.145,0,0,0,6439.4,0,3134.2,0
9.15,0,0,0,6438,0,3134,0
9.155,0,0,0,6436.6,0,3133.8,0
9.16,0,0,0,6435.2,0,3133.6,0
9.165,0,0,0,6433.8,0,3133.4,0
9.17,0,0,0,6432.4,0,3133.2,0
9.175,0,0,0,6431,0,3133,0
9.18,0,0,0,6429.6,0,3132.8,0
9.185,0,0,0,6428.2,0,3132.6,0
9.19,0,0,0,6426.8,0,3132.4,0
9.195,0,0,0,6425.4,0,3132.2,0
9.2,0,0,0,6424,0,3132,0
9.205,0,0,0,6422.6,0,3131.8,0
9.21,0,0,0,6421.2,0,3131.6,0
9.215,0,0,0,6419.8,0,3131.4,0
9.22,0,0,0,6418.4,0,3131.2,0
9.225,0,0,0,6417,0,3131,0
9.23,0,0,0,6415.6,0,3130.8,0
9.235,0,0,0,6414.2,0,3130.6,0
9.24,0,0,0,6412.8,0,3130.4,0
9.245,0,0,0,6411.4,0,3130.2,0
9.25,0,0,0,6410,0,3130,0
9.255,0,0,0,6408.6,0,3129.8,0
9.26,0,0,0,6407.2,0,3129.6,0
9.265,0,0,0,6405.8,0,3129.4,0
9.27,0,0,0,6404.4,0,3129.2,0
9.275,0,0,0,6403,0,3129,0
9.28,0,0,0,6401.6,0,3128.8,0
9.285,0,0,0,6400.2,0,3128.6,0
9.29,0,0,0,6398.8,0,3128.4,0
9.295,0,0,0,6397.4,0,3128.2,0
9.3,0,0,0,6396,0,3128,0
9.305,0,0,0,6394.6,0,3127.8,0
9.31,0,0,0,6393.2,0,3127.6,0
9.315,0,0,0,6391.8,0,3127.4,0
9.32,0,0,0,6390.4,0,3127.2,0
9.325,0,0,0,6389,0,3127,0
9.33,0,0,0,6387.6,0,3126.8,0
9.335,0,0,0,6386.2,0,3126.6,0
9.34,0,0,0,6384.8,0,3126.4,0
9.345,0,0,0,6383.4,0,3126.2,0
9.35,0,0,0,6382,0,3126,0
9.355,0,0,0,6380.6,0,3125.8,0
9.36,0,0,0,6379.2,0,3125.6,0
9.365,0,0,0,6377.8,0,3125.4,0
9.37,0,0,0,6376.4,0,3125.2,0
9.375,0,0,0,6375,0,3125,0
9.38,0,0,0,6373.6,0,3124.8,0
9.385,0,0,0,6372.2,0,3124.6,0
9.39,0,0,0,6370.8,0,3124.4,0
9.395,0,0,0,6369.4,0,3124.2,0
9.4,0,0,0,6368,0,3124,0
9.405,0,0,0,6366.6,0,3123.8,0
9.41,0,0,0,6365.2,0,3123.6,0
9.415,0,0,0,6363.8,0,3123.4,0
9.42,0,0,0,6362.4,0,3123.2,0
9.425,0,0,0,6361,0,3123,0
9.43,0,0,0,6359.6,0,3122.8,0
9.435,0,0,0,6358.2,0,3122.6,0
9.44,0,0,0,6356.8,0,3122.4,0
9.445,0,0,0,6355.4,0,3122.2,0
9.45,0,0,0,6354,0,3122,0
9.455,0,0,0,6352.6,0,3121.8,0
9.46,0,0,0,6351.2,0,3121.6,0
9.465,0,0,0,6349.8,0,3121.4,0
9.47,0,0,0,6348.4,0,3121.2,0
9.475,0,0,0,6347,0,3121,0
9.48,0,0,0,6345.6,0,3120.8,0
9.485,0,0,0,6344.2,0,3120.6,0
9.49,0,0,0,6342.8,0,3120.4,0
9.495,0,0,0,6341.4,0,3120.2,0
9.5,0,0,0,6340,0,3120,0
9.505,0,0,0,6338.6,0,3119.8,0
9.51,0,0,0,6337.2,0,3119.6,0
9.515,0,0,0,6335.8,0,3119.4,0
9.52,0,0,0,6334.4,0,3119.2,0
9.525,0,0,0,6333,0,3119,0
9.53,0,0,0,6331.6,0,3118.8,0
9.535,0,0,0,6330.2,0,3118.6,0
9.54,0,0,0,6328.8,0,3118.4,0
9.545,0,0,0,6327.4,0,3118.2,0
9.55,0,0,0,6326,0,3118,0
9.555,0,0,0,6324.6,0,3117.8,0
9.56,0,0,0,6323.2,0,3117.6,0
9.565,0,0,0,6321.8,0,3117.4,0
9.57,0,0,0,6320.4,0,3117.2,0
9.575,0,0,0,6319,0,3117,0
9.58,0,0,0,6317.6,0,3116.8,0
9.585,0,0,0,6316.2,0,3116.6,0
9.59,0,0,0,6314.8,0,3116.4,0
9.595,0,0,0,6313.4,0,3116.2,0
9.6,0,0,0,6312,0,3116,0
9.605,0,0,0,6310.6,0,3115.8,0
9.61,0,0,0,6309.2,0,3115.6,0
9.615,0,0,0,6307.8,0,3115.4,0
9.62,0,0,0,6306.4,0,3115.2,0
9.625,0,0,0,6305,0,3115,0
9.63,0,0,0,6303.6,0,3114.8,0
9.635,0,0,0,6302.2,0,3114.6,0
9.64,0,0,0,6300.8,0,3114.4,0
9.645,0,0,0,6299.4,0,3114.2,0
9.65,0,0,0,6298,0,3114,0
9.655,0,0,0,6296.6,0,3113.8,0
9.66,0,0,0,6295.2,0,3113.6,0
9.665,0,0,0,6293.8,0,3113.4,0
9.67,0,0,0,6292.4,0,3113.2,0
9.675,0,0,0,6291,0,3113,0
9.68,0,0,0,6289.6,0,3112.8,0
9.685,0,0,0,6288.2,0,3112.6,0
9.69,0,0,0,6286.8,0,3112.4,0
9.695,0,0,0,6285.4,0,3112.2,0
9.7,0,0,0,6284,0,3112,0
9.705,0,0,0,6282.6,0,3111.8,0
9.71,0,0,0,6281.2,0,3111.6,0
9.715,0,0,0,6279.8,0,3111.4,0
9.72,0,0,0,6278.4,0,3111.2,0
9.725,0,0,0,6277,0,3111,0
9.73,0,0,0,6275.6,0,3110.8,0
9.735,0,0,0,6274.2,0,3110.6,0
9.74,0,0,0,6272.8,0,3110.4,0
9.745,0,0,0,6271.4,0,3110.2,0
9.75,0,0,0,6270,0,3110,0
9.755,0,0,0,6268.6,0,3109.8,0
9.76,0,0,0,6267.2,0,3109.6,0
9.765,0,0,0,6265.8,0,3109.4,0
9.77,0,0,0,6264.4,0,3109.2,0
9.775,0,0,0,6263,0,3109,0
9.78,0,0,0,6261.6,0,3108.8,0
9.785,0,0,0,6260.2,0,3108.6,0
9.79,0,0,0,6258.8,0,3108.4,0
9.795,0,0,0,6257.4,0,3108.2,0
9.8,0,0,0,6256,0,3108,0
9.805,0,0,0,6254.6,0,3107.8,0
9.81,0,0,0,6253.2,0,3107.6,0
9.815,0,0,0,6251.8,0,3107.4,0
9.82,0,0,0,6250.4,0,3107.2,0
9.825,0,0,0,6249,0,3107,0
9.83,0,0,0,6247.6,0,3106.8,0
9.835,0,0,0,6246.2,0,3106.6,0
9.84,0,0,0,6244.8,0,3106.4,0
9.845,0,0,0,6243.4,0,3106.2,0
9.85,0,0,0,6242,0,3106,0
9.855,0,0,0,6240.6,0,3105.8,0
9.86,0,0,0,6239.2,0,3105.6,0
9.865,0,0,0,6237.8,0,3105.4,0
9.87,0,0,0,6236.4,0,3105.2,0
9.875,0,0,0,6235,0,3105,0
9.88,0,0,0,6233.6,0,3104.8,0
9.885,0,0,0,6232.2,0,3104.6,0
9.89,0,0,0,6230.8,0,3104.4,0
9.895,0,0,0,6229.4,0,3104.2,0
9.9,0,0,0,6228,0,3104,0
9.905,0,0,0,6226.6,0,3103.8,0
9.91,0,0,0,6225.2,0,3103.6,0
9.915,0,0,0,6223.8,0,3103.4,0
9.92,0,0,0,6222.4,0,3103.2,0
9.925,0,0,0,6221,0,3103,0
9.93,0,0,0,6219.6,0,3102.8,0
9.935,0,0,0,6218.2,0,3102.6,0
9.94,0,0,0,6216.8,0,3102.4,0
9.945,0,0,0,6215.4,0,3102.2,0
9.95,0,0,0,6214,0,3102,0
9.955,0,0,0,6212.6,0,3101.8,0
9.96,0,0,0,6211.2,0,3101.6,0
9.965,0,0,0,6209.8,0,3101.4,0
9.97,0,0,0,6208.4,0,3101.2,0
9.975,0,0,0,6207,0,3101,0
9.98,0,0,0,6205.6,0,3100.8,0
9.985,0,0,0,6204.2,0,3100.6,0
9.99,0,0,0,6202.8,0,3100.4,0
9.995,0,0,0,6201.4,0,3100.2,0
10,0,0,0,6200,0,3100,0
10.005,0,0,0,6198.6,0,3099.8,0
10.01,0,0,0,6197.2,0,3099.6,0
10.015,0,0,0,6195.8,0,3099.4,0
10.02,0,0,0,6194.4,0,3099.2,0
10.025,0,0,0,6193,0,3099,0
10.03,0,0,0,6191.6,0,3098.8,0
10.035,0,0,0,6190.2,0,3098.6,0
10.04,0,0,0,6188.8,0,3098.4,0
10.045,0,0,0,6187.4,0,3098.2,0
10.05,0,0,0,6186,0,3098,0
10.055,0,0,0,6184.6,0,3097.8,0
10.06,0,0,0,6183.2,0,3097.6,0
10.065,0,0,0,6181.8,0,3097.4,0
10.07,0,0,0,6180.4,0,3097.2,0
10.075,0,0,0,6179,0,3097,0
10.08,0,0,0,6177.6,0,3096.8,0
10.085,0,0,0,6176.2,0,3096.6,0
10.09,0,0,0,6174.8,0,3096.4,0
10.095,0,0,0,6173.4,0,3096.2,0
10.1,0,0,0,6172,0,3096,0
10.105,0,0,0,6170.6,0,3095.8,0
10.11,0,0,0,6169.2,0,3095.6,0
10.115,0,0,0,6167.8,0,3095.4,0
10.12,0,0,0,6166.4,0,3095.2,0
10.125,0,0,0,6165,0,3095,0
10.13,0,0,0,6163.6,0,3094.8,0
10.135,0,0,0,6162.2,0,3094.6,0
10.14,0,0,0,6160.8,0,3094.4,0
10.145,0,0,0,6159.4,0,3094.2,0
10.15,0,0,0,6158,0,3094,0
10.155,0,0,0,6156.6,0,3093.8,0
10.16,0,0,0,6155.2,0,3093.6,0
10.165,0,0,0,6153.8,0,3093.4,0
10.17,0,0,0,6152.4,0,3093.2,0
10.175,0,0,0,6151,0,3093,0
10.18,0,0,0,6149.6,0,3092.8,0
10.185,0,0,0,6148.2,0,3092.6,0
10.19,0,0,0,6146.8,0,3092.4,0
10.195,0,0,0,6145.4,0,3092.2,0
10.2,0,0,0,6144,0,3092,0
10.205,0,0,0,6142.6,0,3091.8,0
10.21,0,0,0,6141.2,0,3091.6,0
10.215,0,0,0,6139.8,0,3091.4,0
10.22,0,0,0,6138.4,0,3091.2,0
10.225,0,0,0,6137,0,3091,0
10.23,0,0,0,6135.6,0,3090.8,0
10.235,0,0,0,6134.2,0,3090.6,0
10.24,0,0,0,6132.8,0,3090.4,0
10.245,0,0,0,6131.4,0,3090.2,0
10.25,0,0,0,6130,0,3090,0
10.255,0,0,0,6128.6,0,3089.8,0
10.26,0,0,0,6127.2,0,3089.6,0
10.265,0,0,0,6125.8,0,3089.4,0
10.27,0,0,0,6124.4,0,3089.2,0
10.275,0,0,0,6123,0,3089,0
10.28,0,0,0,6121.6,0,3088.8,0
10.285,0,0,0,6120.2,0,3088.6,0
10.29,0,0,0,6118.8,0,3088.4,0
10.295,0,0,0,6117.4,0,3088.2,0
10.3,0,0,0,6116,0,3088,0
10.305,0,0,0,6114.6,0,3087.8,0
10.31,0,0,0,6113.2,0,3087.6,0
10.315,0,0,0,6111.8,0,3087.4,0
10.32,0,0,0,6110.4,0,3087.2,0
10.325,0,0,0,6109,0,3087,0
10.33,0,0,0,6107.6,0,3086.8,0
10.335,0,0,0,6106.2,0,3086.6,0
10.34,0,0,0,6104.8,0,3086.4,0
10.345,0,0,0,6103.4,0,3086.2,0
10.35,0,0,0,6102,0,3086,0
10.355,0,0,0,6100.6,0,3085.8,0
10.36,0,0,0,6099.2,0,3085.6,0
10.365,0,0,0,6097.8,0,3085.4,0
10.37,0,0,0,6096.4,0,3085.2,0
10.375,0,0,0,6095,0,3085,0
10.38,0,0,0,6093.6,0,3084.8,0
10.385,0,0,0,6092.2,0,3084.6,0
10.39,0,0,0,6090.8,0,3084.4,0
10.395,0,0,0,6089.4,0,3084.2,0
10.4,0,0,0,6088,0,3084,0
10.405,0,0,0,6086.6,0,3083.8,0
10.41,0,0,0,6085.2,0,3083.6,0
10.415,0,0,0,6083.8,0,3083.4,0
10.42,0,0,0,6082.4,0,3083.2,0
10.425,0,0,0,6081,0,3083,0
10.43,0,0,0,6079.6,0,3082.8,0
10.435,0,0,0,6078.2,0,3082.6,0
10.44,0,0,0,6076.8,0,3082.4,0
10.445,0,0,0,6075.4,0,3082.2,0
10.45,0,0,0,6074,0,3082,0
10.455,0,0,0,6072.6,0,3081.8,0
10.46,0,0,0,6071.2,0,3081.6,0
10.465,0,0,0,6069.8,0,3081.4,0
10.47,0,0,0,6068.4,0,3081.2,0
10.475,0,0,0,6067,0,3081,0
10.48,0,0,0,6065.6,0,3080.8,0
10.485,0,0,0,6064.2,0,3080.6,0
10.49,0,0,0,6062.8,0,3080.4,0
10.495,0,0,0,6061.4,0,3080.2,0
10.5,0,0,0,6060,0,3080,0
10.505,0,0,0,6058.6,0,3079.8,0
10.51,0,0,0,6057.2,0,3079.6,0
10.515,0,0,0,6055.8,0,3079.4,0
10.52,0,0,0,6054.4,0,3079.2,0
10.525,0,0,0,6053,0,3079,0
10.53,0,0,0,6051.6,0,3078.8,0
10.535,0,0,0,6050.2,0,3078.6,0
10.54,0,0,0,6048.8,0,3078.4,0
10.545,0,0,0,6047.4,0,3078.2,0
10.55,0,0,0,6046,0,3078,0
10.555,0,0,0,6044.6,0,3077.8,0
10.56,0,0,0,6043.2,0,3077.6,0
10.565,0,0,0,6041.8,0,3077.4,0
10.57,0,0,0,6040.4,0,3077.2,0
10.575,0,0,0,6039,0,3077,0
10.58,0,0,0,6037.6,0,3076.8,0
10.585,0,0,0,6036.2,0,3076.6,0
10.59,0,0,0,6034.8,0,3076.4,0
10.595,0,0,0,6033.4,0,3076.2,0
10.6,0,0,0,6032,0,3076,0
10.605,0,0,0,6030.6,0,3075.8,0
10.61,0,0,0,6029.2,0,3075.6,0
10.615,0,0,0,6027.8,0,3075.4,0
10.62,0,0,0,6026.4,0,3075.2,0
10.625,0,0,0,6025,0,3075,0
10.63,0,0,0,6023.6,0,3074.8,0
10.635,0,0,0,6022.2,0,3074.6,0
10.64,0,0,0,6020.8,0,3074.4,0
10.645,0,0,0,6019.4,0,3074.2,0
10.65,0,0,0,6018,0,3074,0
10.655,0,0,0,6016.6,0,3073.8,0
10.66,0,0,0,6015.2,0,3073.6,0
10.665,0,0,0,6013.8,0,3073.4,0
10.67,0,0,0,6012.4,0,3073.2,0
10.675,0,0,0,6011,0,3073,0
10.68,0,0,0,6009.6,0,3072.8,0
10.685,0,0,0,6008.2,0,3072.6,0
10.69,0,0,0,6006.8,0,3072.4,0
10.695,0,0,0,6005.4,0,3072.2,0
10.7,0,0,0,6004,0,3072,0
10.705,0,0,0,6002.6,0,3071.8,0
10.71,0,0,0,6001.2,0,3071.6,0
10.715,0,0,0,5999.8,0,3071.4,0
10.72,0,0,0,5998.4,0,3071.2,0
10.725,0,0,0,5997,0,3071,0
10.73,0,0,0,5995.6,0,3070.8,0
10.735,0,0,0,5994.2,0,3070.6,0
10.74,0,0,0,5992.8,0,3070.4,0
10.745,0,0,0,5991.4,0,3070.2,0
10.75,0,0,0,5990,0,3070,0
10.755,0,0,0,5988.6,0,3069.8,0
10.76,0,0,0,5987.2,0,3069.6,0
10.765,0,0,0,5985.8,0,3069.4,0
10.77,0,0,0,5984.4,0,3069.2,0
10.775,0,0,0,5983,0,3069,0
10.78,0,0,0,5981.6,0,3068.8,0
10.785,0,0,0,5980.2,0,3068.6,0
10.79,0,0,0,5978.8,0,3068.4,0
10.795,0,0,0,5977.4,0,3068.2,0
10.8,0,0,0,5976,0,3068,0
10.805,0,0,0,5974.6,0,3067.8,0
10.81,0,0,0,5973.2,0,3067.6,0
10.815,0,0,0,5971.8,0,3067.4,0
10.82,0,0,0,5970.4,0,3067.2,0
10.825,0,0,0,5969,0,3067,0
10.83,0,0,0,5967.6,0,3066.8,0
10.835,0,0,0,5966.2,0,3066.6,0
10.84,0,0,0,5964.8,0,3066.4,0
10.845,0,0,0,5963.4,0,3066.2,0
10.85,0,0,0,5962,0,3066,0
10.855,0,0,0,5960.6,0,3065.8,0
10.86,0,0,0,5959.2,0,3065.6,0
10.865,0,0,0,5957.8,0,3065.4,0
10.87,0,0,0,5956.4,0,3065.2,0
10.875,0,0,0,5955,0,3065,0
10.88,0,0,0,5953.6,0,3064.8,0
10.885,0,0,0,5952.2,0,3064.6,0
10.89,0,0,0,5950.8,0,3064.4,0
10.895,0,0,0,5949.4,0,3064.2,0
10.9,0,0,0,5948,0,3064,0
10.905,0,0,0,5946.6,0,3063.8,0
10.91,0,0,0,5945.2,0,3063.6,0
10.915,0,0,0,5943.8,0,3063.4,0
10.92,0,0,0,5942.4,0,3063.2,0
10.925,0,0,0,5941,0,3063,0
10.93,0,0,0,5939.6,0,3062.8,0
10.935,0,0,0,5938.2,0,3062.6,0
10.94,0,0,0,5936.8,0,3062.4,0
10.945,0,0,0,5935.4,0,3062.2,0
10.95,0,0,0,5934,0,3062,0
10.955,0,0,0,5932.6,0,3061.8,0
10.96,0,0,0,5931.2,0,3061.6,0
10.965,0,0,0,5929.8,0,3061.4,0
10.97,0,0,0,5928.4,0,3061.2,0
10.975,0,0,0,5927,0,3061,0
10.98,0,0,0,5925.6,0,3060.8,0
10.985,0,0,0,5924.2,0,3060.6,0
10.99,0,0,0,5922.8,0,3060.4,0
10.995,0,0,0,5921.4,0,3060.2,0
11,0,0,0,5920,0,3060,0
11.005,0,0,0,5918.6,0,3059.8,0
11.01,0,0,0,5917.2,0,3059.6,0
11.015,0,0,0,5915.8,0,3059.4,0
11.02,0,0,0,5914.4,0,3059.2,0
11.025,0,0,0,5913,0,3059,0
11.03,0,0,0,5911.6,0,3058.8,0
11.035,0,0,0,5910.2,0,3058.6,0
11.04,0,0,0,5908.8,0,3058.4,0
11.045,0,0,0,5907.4,0,3058.2,0
11.05,0,0,0,5906,0,3058,0
11.055,0,0,0,5904.6,0,3057.8,0
11.06,0,0,0,5903.2,0,3057.6,0
11.065,0,0,0,5901.8,0,3057.4,0
11.07,0,0,0,5900.4,0,3057.2,0
11.075,0,0,0,5899,0,3057,0
11.08,0,0,0,5897.6,0,3056.8,0
11.085,0,0,0,5896.2,0,3056.6,0
11.09,0,0,0,5894.8,0,3056.4,0
11.095,0,0,0,5893.4,0,3056.2,0
11.1,0,0,0,5892,0,3056,0
11.105,0,0,0,5890.6,0,3055.8,0
11.11,0,0,0,5889.2,0,3055.6,0
11.115,0,0,0,5887.8,0,3055.4,0
11.12,0,0,0,5886.4,0,3055.2,0
11.125,0,0,0,5885,0,3055,0
11.13,0,0,0,5883.6,0,3054.8,0
11.135,0,0,0,5882.2,0,3054.6,0
11.14,0,0,0,5880.8,0,3054.4,0
11.145,0,0,0,5879.4,0,3054.2,0
11.15,0,0,0,5878,0,3054,0
11.155,0,0,0,5876.6,0,3053.8,0
11.16,0,0,0,5875.2,0,3053.6,0
11.165,0,0,0,5873.8,0,3053.4,0
11.17,0,0,0,5872.4,0,3053.2,0
11.175,0,0,0,5871,0,3053,0
11.18,0,0,0,5869.6,0,3052.8,0
11.185,0,0,0,5868.2,0,3052.6,0
11.19,0,0,0,5866.8,0,3052.4,0
11.195,0,0,0,5865.4,0,3052.2,0
11.2,0,0,0,5864,0,3052,0
11.205,0,0,0,5862.6,0,3051.8,0
11.21,0,0,0,5861.2,0,3051.6,0
11.215,0,0,0,5859.8,0,3051.4,0
11.22,0,0,0,5858.4,0,3051.2,0
11.225,0,0,0,5857,0,3051,0
11.23,0,0,0,5855.6,0,3050.8,0
11.235,0,0,0,5854.2,0,3050.6,0
11.24,0,0,0,5852.8,0,3050.4,0
11.245,0,0,0,5851.4,0,3050.2,0
11.25,0,0,0,5850,0,3050,0
11.255,0,0,0,5848.6,0,3049.8,0
11.26,0,0,0,5847.2,0,3049.6,0
11.265,0,0,0,5845.8,0,3049.4,0
11.27,0,0,0,5844.4,0,3049.2,0
11.275,0,0,0,5843,0,3049,0
11.28,0,0,0,5841.6,0,3048.8,0
11.285,0,0,0,5840.2,0,3048.6,0
11.29,0,0,0,5838.8,0,3048.4,0
11.295,0,0,0,5837.4,0,3048.2,0
11.3,0,0,0,5836,0,3048,0
11.305,0,0,0,5834.6,0,3047.8,0
11.31,0,0,0,5833.2,0,3047.6,0
11.315,0,0,0,5831.8,0,3047.4,0
11.32,0,0,0,5830.4,0,3047.2,0
11.325,0,0,0,5829,0,3047,0
11.33,0,0,0,5827.6,0,3046.8,0
11.335,0,0,0,5826.2,0,3046.6,0
11.34,0,0,0,5824.8,0,3046.4,0
11.345,0,0,0,5823.4,0,3046.2,0
11.35,0,0,0,5822,0,3046,0
11.355,0,0,0,5820.6,0,3045.8,0
11.36,0,0,0,5819.2,0,3045.6,0
11.365,0,0,0,5817.8,0,3045.4,0
11.37,0,0,0,5816.4,0,3045.2,0
11.375,0,0,0,5815,0,3045,0
11.38,0,0,0,5813.6,0,3044.8,0
11.385,0,0,0,5812.2,0,3044.6,0
11.39,0,0,0,5810.8,0,3044.4,0
11.395,0,0,0,5809.4,0,3044.2,0
11.4,0,0,0,5808,0,3044,0
11.405,0,0,0,5806.6,0,3043.8,0
11.41,0,0,0,5805.2,0,3043.6,0
11.415,0,0,0,5803.8,0,3043.4,0
11.42,0,0,0,5802.4,0,3043.2,0
11.425,0,0,0,5801,0,3043,0
11.43,0,0,0,5799.6,0,3042.8,0
11.435,0,0,0,5798.2,0,3042.6,0
11.44,0,0,0,5796.8,0,3042.4,0
11.445,0,0,0,5795.4,0,3042.2,0
11.45,0,0,0,5794,0,3042,0
11.455,0,0,0,5792.6,0,3041.8,0
11.46,0,0,0,5791.2,0,3041.6,0
11.465,0,0,0,5789.8,0,3041.4,0
11.47,0,0,0,5788.4,0,3041.2,0
11.475,0,0,0,5787,0,3041,0
11.48,0,0,0,5785.6,0,3040.8,0
11.485,0,0,0,5784.2,0,3040.6,0
11.49,0,0,0,5782.8,0,3040.4,0
11.495,0,0,0,5781.4,0,3040.2,0
11.5,0,0,0,5780,0,3040,0
11.505,0,0,0,5778.6,0,3039.8,0
11.51,0,0,0,5777.2,0,3039.6,0
11.515,0,0,0,5775.8,0,3039.4,0
11.52,0,0,0,5774.4,0,3039.2,0
11.525,0,0,0,5773,0,3039,0
11.53,0,0,0,5771.6,0,3038.8,0
11.535,0,0,0,5770.2,0,3038.6,0
11.54,0,0,0,5768.8,0,3038.4,0
11.545,0,0,0,5767.4,0,3038.2,0
11.55,0,0,0,5766,0,3038,0
11.555,0,0,0,5764.6,0,3037.8,0
11.56,0,0,0,5763.2,0,3037.6,0
11.565,0,0,0,5761.8,0,3037.4,0
11.57,0,0,0,5760.4,0,3037.2,0
11.575,0,0,0,5759,0,3037,0
11.58,0,0,0,5757.6,0,3036.8,0
11.585,0,0,0,5756.2,0,3036.6,0
11.59,0,0,0,5754.8,0,3036.4,0
11.595,0,0,0,5753.4,0,3036.2,0
11.6,0,0,0,5752,0,3036,0
11.605,0,0,0,5750.6,0,3035.8,0
11.61,0,0,0,5749.2,0,3035.6,0
11.615,0,0,0,5747.8,0,3035.4,0
11.62,0,0,0,5746.4,0,3035.2,0
11.625,0,0,0,5745,0,3035,0
11.63,0,0,0,5743.6,0,3034.8,0
11.635,0,0,0,5742.2,0,3034.6,0
11.64,0,0,0,5740.8,0,3034.4,0
11.645,0,0,0,5739.4,0,3034.2,0
11.65,0,0,0,5738,0,3034,0
11.655,0,0,0,5736.6,0,3033.8,0
11.66,0,0,0,5735.2,0,3033.6,0
11.665,0,0,0,5733.8,0,3033.4,0
11.67,0,0,0,5732.4,0,3033.2,0
11.675,0,0,0,5731,0,3033,0
11.68,0,0,0,5729.6,0,3032.8,0
11.685,0,0,0,5728.2,0,3032.6,0
11.69,0,0,0,5726.8,0,3032.4,0
11.695,0,0,0,5725.4,0,3032.2,0
11.7,0,0,0,5724,0,3032,0
11.705,0,0,0,5722.6,0,3031.8,0
11.71,0,0,0,5721.2,0,3031.6,0
11.715,0,0,0,5719.8,0,3031.4,0
11.72,0,0,0,5718.4,0,3031.2,0
11.725,0,0,0,5717,0,3031,0
11.73,0,0,0,5715.6,0,3030.8,0
11.735,0,0,0,5714.2,0,3030.6,0
11.74,0,0,0,5712.8,0,3030.4,0
11.745,0,0,0,5711.4,0,3030.2,0
11.75,0,0,0,5710,0,3030,0
11.755,0,0,0,5708.6,0,3029.8,0
11.76,0,0,0,5707.2,0,3029.6,0
11.765,0,0,0,5705.8,0,3029.4,0
11.77,0,0,0,5704.4,0,3029.2,0
11.775,0,0,0,5703,0,3029,0
11.78,0,0,0,5701.6,0,3028.8,0
11.785,0,0,0,5700.2,0,3028.6,0
11.79,0,0,0,5698.8,0,3028.4,0
11.795,0,0,0,5697.4,0,3028.2,0
11.8,0,0,0,5696,0,3028,0
11.805,0,0,0,5694.6,0,3027.8,0
11.81,0,0,0,5693.2,0,3027.6,0
11.815,0,0,0,5691.8,0,3027.4,0
11.82,0,0,0,5690.4,0,3027.2,0
11.825,0,0,0,5689,0,3027,0
11.83,0,0,0,5687.6,0,3026.8,0
11.835,0,0,0,5686.2,0,3026.6,0
11.84,0,0,0,5684.8,0,3026.4,0
11.845,0,0,0,5683.4,0,3026.2,0
11.85,0,0,0,5682,0,3026,0
11.855,0,0,0,5680.6,0,3025.8,0
11.86,0,0,0,5679.2,0,3025.6,0
11.865,0,0,0,5677.8,0,3025.4,0
11.87,0,0,0,5676.4,0,3025.2,0
11.875,0,0,0,5675,0,3025,0
11.88,0,0,0,5673.6,0,3024.8,0
11.885,0,0,0,5672.2,0,3024.6,0
11.89,0,0,0,5670.8,0,3024.4,0
11.895,0,0,0,5669.4,0,3024.2,0
11.9,0,0,0,5668,0,3024,0
11.905,0,0,0,5666.6,0,3023.8,0
11.91,0,0,0,5665.2,0,3023.6,0
11.915,0,0,0,5663.8,0,3023.4,0
11.92,0,0,0,5662.4,0,3023.2,0
11.925,0,0,0,5661,0,3023,0
11.93,0,0,0,5659.6,0,3022.8,0
11.935,0,0,0,5658.2,0,3022.6,0
11.94,0,0,0,5656.8,0,3022.4,0
11.945,0,0,0,5655.4,0,3022.2,0
11.95,0,0,0,5654,0,3022,0
11.955,0,0,0,5652.6,0,3021.8,0
11.96,0,0,0,5651.2,0,3021.6,0
11.965,0,0,0,5649.8,0,3021.4,0
11.97,0,0,0,5648.4,0,3021.2,0
11.975,0,0,0,5647,0,3021,0
11.98,0,0,0,5645.6,0,3020.8,0
11.985,0,0,0,5644.2,0,3020.6,0
11.99,0,0,0,5642.8,0,3020.4,0
11.995,0,0,0,5641.4,0,3020.2,0
12,0,0,0,5640,0,3020,0
12.005,0,0,0,5638.6,0,3019.8,0
12.01,0,0,0,5637.2,0,3019.6,0
12.015,0,0,0,5635.8,0,3019.4,0
12.02,0,0,0,5634.4,0,3019.2,0
12.025,0,0,0,5633,0,3019,0
12.03,0,0,0,5631.6,0,3018.8,0
12.035,0,0,0,5630.2,0,3018.6,0
12.04,0,0,0,5628.8,0,3018.4,0
12.045,0,0,0,5627.4,0,3018.2,0
12.05,0,0,0,5626,0,3018,0
12.055,0,0,0,5624.6,0,3017.8,0
12.06,0,0,0,5623.2,0,3017.6,0
12.065,0,0,0,5621.8,0,3017.4,0
12.07,0,0,0,5620.4,0,3017.2,0
12.075,0,0,0,5619,0,3017,0
12.08,0,0,0,5617.6,0,3016.8,0
12.085,0,0,0,5616.2,0,3016.6,0
12.09,0,0,0,5614.8,0,3016.4,0
12.095,0,0,0,5613.4,0,3016.2,0
12.1,0,0,0,5612,0,3016,0
12.105,0,0,0,5610.6,0,3015.8,0
12.11,0,0,0,5609.2,0,3015.6,0
12.115,0,0,0,5607.8,0,3015.4,0
12.12,0,0,0,5606.4,0,3015.2,0
12.125,0,0,0,5605,0,3015,0
12.13,0,0,0,5603.6,0,3014.8,0
12.135,0,0,0,5602.2,0,3014.6,0
12.14,0,0,0,5600.8,0,3014.4,0
12.145,0,0,0,5599.4,0,3014.2,0
12.15,0,0,0,5598,0,3014,0
12.155,0,0,0,5596.6,0,3013.8,0
12.16,0,0,0,5595.2,0,3013.6,0
12.165,0,0,0,5593.8,0,3013.4,0
12.17,0,0,0,5592.4,0,3013.2,0
12.175,0,0,0,5591,0,3013,0
12.18,0,0,0,5589.6,0,3012.8,0
12.185,0,0,0,5588.2,0,3012.6,0
12.19,0,0,0,5586.8,0,3012.4,0
12.195,0,0,0,5585.4,0,3012.2,0
12.2,0,0,0,5584,0,3012,0
12.205,0,0,0,5582.6,0,3011.8,0
12.21,0,0,0,5581.2,0,3011.6,0
12.215,0,0,0,5579.8,0,3011.4,0
12.22,0,0,0,5578.4,0,3011.2,0
12.225,0,0,0,5577,0,3011,0
12.23,0,0,0,5575.6,0,3010.8,0
12.235,0,0,0,5574.2,0,3010.6,0
12.24,0,0,0,5572.8,0,3010.4,0
12.245,0,0,0,5571.4,0,3010.2,0
12.25,0,0,0,5570,0,3010,0
12.255,0,0,0,5568.6,0,3009.8,0
12.26,0,0,0,5567.2,0,3009.6,0
12.265,0,0,0,5565.8,0,3009.4,0
12.27,0,0,0,5564.4,0,3009.2,0
12.275,0,0,0,5563,0,3009,0
12.28,0,0,0,5561.6,0,3008.8,0
12.285,0,0,0,5560.2,0,3008.6,0
12.29,0,0,0,5558.8,0,3008.4,0
12.295,0,0,0,5557.4,0,3008.2,0
12.3,0,0,0,5556,0,3008,0
12.305,0,0,0,5554.6,0,3007.8,0
12.31,0,0,0,5553.2,0,3007.6,0
12.315,0,0,0,5551.8,0,3007.4,0
12.32,0,0,0,5550.4,0,3007.2,0
12.325,0,0,0,5549,0,3007,0
12.33,0,0,0,5547.6,0,3006.8,0
12.335,0,0,0,5546.2,0,3006.6,0
12.34,0,0,0,5544.8,0,3006.4,0
12.345,0,0,0,5543.4,0,3006.2,0
12.35,0,0,0,5542,0,3006,0
12.355,0,0,0,5540.6,0,3005.8,0
12.36,0,0,0,5539.2,0,3005.6,0
12.365,0,0,0,5537.8,0,3005.4,0
12.37,0,0,0,5536.4,0,3005.2,0
12.375,0,0,0,5535,0,3005,0
12.38,0,0,0,5533.6,0,3004.8,0
12.385,0,0,0,5532.2,0,3004.6,0
12.39,0,0,0,5530.8,0,3004.4,0
12.395,0,0,0,5529.4,0,3004.2,0
12.4,0,0,0,5528,0,3004,0
12.405,0,0,0,5526.6,0,3003.8,0
12.41,0,0,0,5525.2,0,3003.6,0
12.415,0,0,0,5523.8,0,3003.4,0
12.42,0,0,0,5522.4,0,3003.2,0
12.425,0,0,0,5521,0,3003,0
12.43,0,0,0,5519.6,0,3002.8,0
12.435,0,0,0,5518.2,0,3002.6,0
12.44,0,0,0,5516.8,0,3002.4,0
12.445,0,0,0,5515.4,0,3002.2,0
12.45,0,0,0,5514,0,3002,0
12.455,0,0,0,5512.6,0,3001.8,0
12.46,0,0,0,5511.2,0,3001.6,0
12.465,0,0,0,5509.8,0,3001.4,0
12.47,0,0,0,5508.4,0,3001.2,0
12.475,0,0,0,5507,0,3001,0
12.48,0,0,0,5505.6,0,3000.8,0
12.485,0,0,0,5504.2,0,3000.6,0
12.49,0,0,0,5502.8,0,3000.4,0
12.495,0,0,0,5501.4,0,3000.2,0
12.5,0,0,0,5500,0,3000,0
12.505,0,0,0,5498.6,0,2999.8,0
12.51,0,0,0,5497.2,0,2999.6,0
12.515,0,0,0,5495.8,0,2999.4,0
12.52,0,0,0,5494.4,0,2999.2,0
12.525,0,0,0,5493,0,2999,0
12.53,0,0,0,5491.6,0,2998.8,0
12.535,0,0,0,5490.2,0,2998.6,0
12.54,0,0,0,5488.8,0,2998.4,0
12.545,0,0,0,5487.4,0,2998.2,0
12.55,0,0,0,5486,0,2998,0
12.555,0,0,0,5484.6,0,2997.8,0
12.56,0,0,0,5483.2,0,2997.6,0
12.565,0,0,0,5481.8,0,2997.4,0
12.57,0,0,0,5480.4,0,2997.2,0
12.575,0,0,0,5479,0,2997,0
12.58,0,0,0,5477.6,0,2996.8,0
12.585,0,0,0,5476.2,0,2996.6,0
12.59,0,0,0,5474.8,0,2996.4,0
12.595,0,0,0,5473.4,0,2996.2,0
12.6,0,0,0,5472,0,2996,0
12.605,0,0,0,5470.6,0,2995.8,0
12.61,0,0,0,5469.2,0,2995.6,0
12.615,0,0,0,5467.8,0,2995.4,0
12.62,0,0,0,5466.4,0,2995.2,0
12.625,0,0,0,5465,0,2995,0
12.63,0,0,0,5463.6,0,2994.8,0
12.635,0,0,0,5462.2,0,2994.6,0
12.64,0,0,0,5460.8,0,2994.4,0
12.645,0,0,0,5459.4,0,2994.2,0
12.65,0,0,0,5458,0,2994,0
12.655,0,0,0,5456.6,0,2993.8,0
12.66,0,0,0,5455.2,0,2993.6,0
12.665,0,0,0,5453.8,0,2993.4,0
12.67,0,0,0,5452.4,0,2993.2,0
12.675,0,0,0,5451,0,2993,0
12.68,0,0,0,5449.6,0,2992.8,0
12.685,0,0,0,5448.2,0,2992.6,0
12.69,0,0,0,5446.8,0,2992.4,0
12.695,0,0,0,5445.4,0,2992.2,0
12.7,0,0,0,5444,0,2992,0
12.705,0,0,0,5442.6,0,2991.8,0
12.71,0,0,0,5441.2,0,2991.6,0
12.715,0,0,0,5439.8,0,2991.4,0
12.72,0,0,0,5438.4,0,2991.2,0
12.725,0,0,0,5437,0,2991,0
12.73,0,0,0,5435.6,0,2990.8,0
12.735,0,0,0,5434.2,0,2990.6,0
12.74,0,0,0,5432.8,0,2990.4,0
12.745,0,0,0,5431.4,0,2990.2,0
12.75,0,0,0,5430,0,2990,0
12.755,0,0,0,5428.6,0,2989.8,0
12.76,0,0,0,5427.2,0,2989.6,0
12.765,0,0,0,5425.8,0,2989.4,0
12.77,0,0,0,5424.4,0,2989.2,0
12.775,0,0,0,5423,0,2989,0
12.78,0,0,0,5421.6,0,2988.8,0
12.785,0,0,0,5420.2,0,2988.6,0
12.79,0,0,0,5418.8,0,2988.4,0
12.795,0,0,0,5417.4,0,2988.2,0
12.8,0,0,0,5416,0,2988,0
12.805,0,0,0,5414.6,0,2987.8,0
12.81,0,0,0,5413.2,0,2987.6,0
12.815,0,0,0,5411.8,0,2987.4,0
12.82,0,0,0,5410.4,0,2987.2,0
12.825,0,0,0,5409,0,2987,0
12.83,0,0,0,5407.6,0,2986.8,0
12.835,0,0,0,5406.2,0,2986.6,0
12.84,0,0,0,5404.8,0,2986.4,0
12.845,0,0,0,5403.4,0,2986.2,0
12.85,0,0,0,5402,0,2986,0
12.855,0,0,0,5400.6,0,2985.8,0
12.86,0,0,0,5399.2,0,2985.6,0
12.865,0,0,0,5397.8,0,2985.4,0
12.87,0,0,0,5396.4,0,2985.2,0
12.875,0,0,0,5395,0,2985,0
12.88,0,0,0,5393.6,0,2984.8,0
12.885,0,0,0,5392.2,0,2984.6,0
12.89,0,0,0,5390.8,0,2984.4,0
12.895,0,0,0,5389.4,0,2984.2,0
12.9,0,0,0,5388,0,2984,0
12.905,0,0,0,5386.6,0,2983.8,0
12.91,0,0,0,5385.2,0,2983.6,0
12.915,0,0,0,5383.8,0,2983.4,0
12.92,0,0,0,5382.4,0,2983.2,0
12.925,0,0,0,5381,0,2983,0
12.93,0,0,0,5379.6,0,2982.8,0
12.935,0,0,0,5378.2,0,2982.6,0
12.94,0,0,0,5376.8,0,2982.4,0
12.945,0,0,0,5375.4,0,2982.2,0
12.95,0,0,0,5374,0,2982,0
12.955,0,0,0,5372.6,0,2981.8,0
12.96,0,0,0,5371.2,0,2981.6,0
12.965,0,0,0,5369.8,0,2981.4,0
12.97,0,0,0,5368.4,0,2981.2,0
12.975,0,0,0,5367,0,2981,0
12.98,0,0,0,5365.6,0,2980.8,0
12.985,0,0,0,5364.2,0,2980.6,0
12.99,0,0,0,5362.8,0,2980.4,0
12.995,0,0,0,5361.4,0,2980.2,0
13,0,0,0,5360,0,2980,0
13.005,0,0,0,5358.6,0,2979.8,0
13.01,0,0,0,5357.2,0,2979.6,0
13.015,0,0,0,5355.8,0,2979.4,0
13.02,0,0,0,5354.4,0,2979.2,0
13.025,0,0,0,5353,0,2979,0
13.03,0,0,0,5351.6,0,2978.8,0
13.035,0,0,0,5350.2,0,2978.6,0
13.04,0,0,0,5348.8,0,2978.4,0
13.045,0,0,0,5347.4,0,2978.2,0
13.05,0,0,0,5346,0,2978,0
13.055,0,0,0,5344.6,0,2977.8,0
13.06,0,0,0,5343.2,0,2977.6,0
13.065,0,0,0,5341.8,0,2977.4,0
13.07,0,0,0,5340.4,0,2977.2,0
13.075,0,0,0,5339,0,2977,0
13.08,0,0,0,5337.6,0,2976.8,0
13.085,0,0,0,5336.2,0,2976.6,0
13.09,0,0,0,5334.8,0,2976.4,0
13.095,0,0,0,5333.4,0,2976.2,0
13.1,0,0,0,5332,0,2976,0
13.105,0,0,0,5330.6,0,2975.8,0
13.11,0,0,0,5329.2,0,2975.6,0
13.115,0,0,0,5327.8,0,2975.4,0
13.12,0,0,0,5326.4,0,2975.2,0
13.125,0,0,0,5325,0,2975,0
13.13,0,0,0,5323.6,0,2974.8,0
13.135,0,0,0,5322.2,0,2974.6,0
13.14,0,0,0,5320.8,0,2974.4,0
13.145,0,0,0,5319.4,0,2974.2,0
13.15,0,0,0,5318,0,2974,0
13.155,0,0,0,5316.6,0,2973.8,0
13.16,0,0,0,5315.2,0,2973.6,0
13.165,0,0,0,5313.8,0,2973.4,0
13.17,0,0,0,5312.4,0,2973.2,0
13.175,0,0,0,5311,0,2973,0
13.18,0,0,0,5309.6,0,2972.8,0
13.185,0,0,0,5308.2,0,2972.6,0
13.19,0,0,0,5306.8,0,2972.4,0
13.195,0,0,0,5305.4,0,2972.2,0
13.2,0,0,0,5304,0,2972,0
13.205,0,0,0,5302.6,0,2971.8,0
13.21,0,0,0,5301.2,0,2971.6,0
13.215,0,0,0,5299.8,0,2971.4,0
13.22,0,0,0,5298.4,0,2971.2,0
13.225,0,0,0,5297,0,2971,0
13.23,0,0,0,5295.6,0,2970.8,0
13.235,0,0,0,5294.2,0,2970.6,0
13.24,0,0,0,5292.8,0,2970.4,0
13.245,0,0,0,5291.4,0,2970.2,0
13.25,0,0,0,5290,0,2970,0
13.255,0,0,0,5288.6,0,2969.8,0
13.26,0,0,0,5287.2,0,2969.6,0
13.265,0,0,0,5285.8,0,2969.4,0
13.27,0,0,0,5284.4,0,2969.2,0
13.275,0,0,0,5283,0,2969,0
13.28,0,0,0,5281.6,0,2968.8,0
13.285,0,0,0,5280.2,0,2968.6,0
13.29,0,0,0,5278.8,0,2968.4,0
13.295,0,0,0,5277.4,0,2968.2,0
13.3,0,0,0,5276,0,2968,0
13.305,0,0,0,5274.6,0,2967.8,0
13.31,0,0,0,5273.2,0,2967.6,0
13.315,0,0,0,5271.8,0,2967.4,0
13.32,0,0,0,5270.4,0,2967.2,0
13.325,0,0,0,5269,0,2967,0
13.33,0,0,0,5267.6,0,2966.8,0
13.335,0,0,0,5266.2,0,2966.6,0
13.34,0,0,0,5264.8,0,2966.4,0
13.345,0,0,0,5263.4,0,2966.2,0
13.35,0,0,0,5262,0,2966,0
13.355,0,0,0,5260.6,0,2965.8,0
13.36,0,0,0,5259.2,0,2965.6,0
13.365,0,0,0,5257.8,0,2965.4,0
13.37,0,0,0,5256.4,0,2965.2,0
13.375,0,0,0,5255,0,2965,0
13.38,0,0,0,5253.6,0,2964.8,0
13.385,0,0,0,5252.2,0,2964.6,0
13.39,0,0,0,5250.8,0,2964.4,0
13.395,0,0,0,5249.4,0,2964.2,0
13.4,0,0,0,5248,0,2964,0
13.405,0,0,0,5246.6,0,2963.8,0
13.41,0,0,0,5245.2,0,2963.6,0
13.415,0,0,0,5243.8,0,2963.4,0
13.42,0,0,0,5242.4,0,2963.2,0
13.425,0,0,0,5241,0,2963,0
13.43,0,0,0,5239.6,0,2962.8,0
13.435,0,0,0,5238.2,0,2962.6,0
13.44,0,0,0,5236.8,0,2962.4,0
13.445,0,0,0,5235.4,0,2962.2,0
13.45,0,0,0,5234,0,2962,0
13.455,0,0,0,5232.6,0,2961.8,0
13.46,0,0,0,5231.2,0,2961.6,0
13.465,0,0,0,5229.8,0,2961.4,0
13.47,0,0,0,5228.4,0,2961.2,0
13.475,0,0,0,5227,0,2961,0
13.48,0,0,0,5225.6,0,2960.8,0
13.485,0,0,0,5224.2,0,2960.6,0
13.49,0,0,0,5222.8,0,2960.4,0
13.495,0,0,0,5221.4,0,2960.2,0
13.5,0,0,0,5220,0,2960,0
13.505,0,0,0,5218.6,0,2959.8,0
13.51,0,0,0,5217.2,0,2959.6,0
13.515,0,0,0,5215.8,0,2959.4,0
13.52,0,0,0,5214.4,0,2959.2,0
13.525,0,0,0,5213,0,2959,0
13.53,0,0,0,5211.6,0,2958.8,0
13.535,0,0,0,5210.2,0,2958.6,0
13.54,0,0,0,5208.8,0,2958.4,0
13.545,0,0,0,5207.4,0,2958.2,0
13.55,0,0,0,5206,0,2958,0
13.555,0,0,0,5204.6,0,2957.8,0
13.56,0,0,0,5203.2,0,2957.6,0
13.565,0,0,0,5201.8,0,2957.4,0
13.57,0,0,0,5200.4,0,2957.2,0
13.575,0,0,0,5199,0,2957,0
13.58,0,0,0,5197.6,0,2956.8,0
13.585,0,0,0,5196.2,0,2956.6,0
13.59,0,0,0,5194.8,0,2956.4,0
13.595,0,0,0,5193.4,0,2956.2,0
13.6,0,0,0,5192,0,2956,0
13.605,0,0,0,5190.6,0,2955.8,0
13.61,0,0,0,5189.2,0,2955.6,0
13.615,0,0,0,5187.8,0,2955.4,0
13.62,0,0,0,5186.4,0,2955.2,0
13.625,0,0,0,5185,0,2955,0
13.63,0,0,0,5183.6,0,2954.8,0
13.635,0,0,0,5182.2,0,2954.6,0
13.64,0,0,0,5180.8,0,2954.4,0
13.645,0,0,0,5179.4,0,2954.2,0
13.65,0,0,0,5178,0,2954,0
13.655,0,0,0,5176.6,0,2953.8,0
13.66,0,0,0,5175.2,0,2953.6,0
13.665,0,0,0,5173.8,0,2953.4,0
13.67,0,0,0,5172.4,0,2953.2,0
13.675,0,0,0,5171,0,2953,0
13.68,0,0,0,5169.6,0,2952.8,0
13.685,0,0,0,5168.2,0,2952.6,0
13.69,0,0,0,5166.8,0,2952.4,0
13.695,0,0,0,5165.4,0,2952.2,0
13.7,0,0,0,5164,0,2952,0
13.705,0,0,0,5162.6,0,2951.8,0
13.71,0,0,0,5161.2,0,2951.6,0
13.715,0,0,0,5159.8,0,2951.4,0
13.72,0,0,0,5158.4,0,2951.2,0
13.725,0,0,0,5157,0,2951,0
13.73,0,0,0,5155.6,0,2950.8,0
13.735,0,0,0,5154.2,0,2950.6,0
13.74,0,0,0,5152.8,0,2950.4,0
13.745,0,0,0,5151.4,0,2950.2,0
13.75,0,0,0,5150,0,2950,0
13.755,0,0,0,5148.6,0,2949.8,0
13.76,0,0,0,5147.2,0,2949.6,0
13.765,0,0,0,5145.8,0,2949.4,0
13.77,0,0,0,5144.4,0,2949.2,0
13.775,0,0,0,5143,0,2949,0
13.78,0,0,0,5141.6,0,2948.8,0
13.785,0,0,0,5140.2,0,2948.6,0
13.79,0,0,0,5138.8,0,2948.4,0
13.795,0,0,0,5137.4,0,2948.2,0
13.8,0,0,0,5136,0,2948,0
13.805,0,0,0,5134.6,0,2947.8,0
13.81,0,0,0,5133.2,0,2947.6,0
13.815,0,0,0,5131.8,0,2947.4,0
13.82,0,0,0,5130.4,0,2947.2,0
13.825,0,0,0,5129,0,2947,0
13.83,0,0,0,5127.6,0,2946.8,0
13.835,0,0,0,5126.2,0,2946.6,0
13.84,0,0,0,5124.8,0,2946.4,0
13.845,0,0,0,5123.4,0,2946.2,0
13.85,0,0,0,5122,0,2946,0
13.855,0,0,0,5120.6,0,2945.8,0
13.86,0,0,0,5119.2,0,2945.6,0
13.865,0,0,0,5117.8,0,2945.4,0
13.87,0,0,0,5116.4,0,2945.2,0
13.875,0,0,0,5115,0,2945,0
13.88,0,0,0,5113.6,0,2944.8,0
13.885,0,0,0,5112.2,0,2944.6,0
13.89,0,0,0,5110.8,0,2944.4,0
13.895,0,0,0,5109.4,0,2944.2,0
13.9,0,0,0,5108,0,2944,0
13.905,0,0,0,5106.6,0,2943.8,0
13.91,0,0,0,5105.2,0,2943.6,0
13.915,0,0,0,5103.8,0,2943.4,0
13.92,0,0,0,5102.4,0,2943.2,0
13.925,0,0,0,5101,0,2943,0
13.93,0,0,0,5099.6,0,2942.8,0
13.935,0,0,0,5098.2,0,2942.6,0
13.94,0,0,0,5096.8,0,2942.4,0
13.945,0,0,0,5095.4,0,2942.2,0
13.95,0,0,0,5094,0,2942,0
13.955,0,0,0,5092.6,0,2941.8,0
13.96,0,0,0,5091.2,0,2941.6,0
13.965,0,0,0,5089.8,0,2941.4,0
13.97,0,0,0,5088.4,0,2941.2,0
13.975,0,0,0,5087,0,2941,0
13.98,0,0,0,5085.6,0,2940.8,0
13.985,0,0,0,5084.2,0,2940.6,0
13.99,0,0,0,5082.8,0,2940.4,0
13.995,0,0,0,5081.4,0,2940.2,0
14,0,0,0,5080,0,2940,0
14.005,0,0,0,5078.6,0,2939.8,0
14.01,0,0,0,5077.2,0,2939.6,0
14.015,0,0,0,5075.8,0,2939.4,0
14.02,0,0,0,5074.4,0,2939.2,0
14.025,0,0,0,5073,0,2939,0
